scope,partition,method,prefix,orders,known_gt,pseudo_novel_gt,fixed_gt_reuse_opportunities,old_acc_mean,old_acc_std_ddof0,new_acc_mean,new_acc_std_ddof0,h_score_mean,h_score_std_ddof0,all_acc_mean,all_acc_std_ddof0,correct_commit_ct_mean,correct_commit_ct_std_ddof0,false_merge_rate_mean,false_merge_rate_std_ddof0,false_split_new_rate_mean,false_split_new_rate_std_ddof0,wrong_known_assignment_rate_mean,wrong_known_assignment_rate_std_ddof0,wait_unresolved_rate_mean,wait_unresolved_rate_std_ddof0,effective_commit_coverage_mean,effective_commit_coverage_std_ddof0
SMALL_TRAIN_KNOWN_GT_FEASIBILITY_ONLY,policy_train,B0_frame_snapshot_vote,1,4,12,12,8,0.0,0.0,0.3333333333333333,0.0,0.0,0.0,0.16666666666666666,0.0,0.0,0.0,0.0,0.0,1.0,0.0,0.0,0.0,0.0,0.0,1.0,0.0
SMALL_TRAIN_KNOWN_GT_FEASIBILITY_ONLY,policy_train,B0_frame_snapshot_vote,2,4,12,12,8,0.0,0.0,0.3333333333333333,0.0,0.0,0.0,0.16666666666666666,0.0,0.0,0.0,0.0,0.0,1.0,0.0,0.0,0.0,0.0,0.0,1.0,0.0
SMALL_TRAIN_KNOWN_GT_FEASIBILITY_ONLY,policy_train,B0_frame_snapshot_vote,4,4,12,12,8,0.08333333333333333,0.0,0.3333333333333333,0.0,0.13333333333333333,0.0,0.20833333333333334,0.0,0.0,0.0,0.0,0.0,1.0,0.0,0.0,0.0,0.0,0.0,1.0,0.0
SMALL_TRAIN_KNOWN_GT_FEASIBILITY_ONLY,policy_train,B0_frame_snapshot_vote,8,4,12,12,8,0.08333333333333333,0.0,0.3333333333333333,0.0,0.13333333333333333,0.0,0.20833333333333334,0.0,0.0,0.0,0.0,0.0,1.0,0.0,0.0,0.0,0.0,0.0,1.0,0.0
SMALL_TRAIN_KNOWN_GT_FEASIBILITY_ONLY,policy_train,B0_frame_snapshot_vote,16,4,12,12,8,0.08333333333333333,0.0,0.3333333333333333,0.0,0.13333333333333333,0.0,0.20833333333333334,0.0,0.0,0.0,0.0,0.0,1.0,0.0,0.0,0.0,0.0,0.0,1.0,0.0
SMALL_TRAIN_KNOWN_GT_FEASIBILITY_ONLY,policy_train,B1_track_nearest,1,4,12,12,8,0.0,0.0,0.3333333333333333,0.0,0.0,0.0,0.16666666666666666,0.0,0.0,0.0,0.0,0.0,1.0,0.0,0.0,0.0,0.0,0.0,1.0,0.0
SMALL_TRAIN_KNOWN_GT_FEASIBILITY_ONLY,policy_train,B1_track_nearest,2,4,12,12,8,0.08333333333333333,0.0,0.3333333333333333,0.0,0.13333333333333333,0.0,0.20833333333333334,0.0,0.0,0.0,0.0,0.0,1.0,0.0,0.0,0.0,0.0,0.0,1.0,0.0
SMALL_TRAIN_KNOWN_GT_FEASIBILITY_ONLY,policy_train,B1_track_nearest,4,4,12,12,8,0.08333333333333333,0.0,0.3333333333333333,0.0,0.13333333333333333,0.0,0.20833333333333334,0.0,0.0,0.0,0.0,0.0,1.0,0.0,0.0,0.0,0.0,0.0,1.0,0.0
SMALL_TRAIN_KNOWN_GT_FEASIBILITY_ONLY,policy_train,B1_track_nearest,8,4,12,12,8,0.08333333333333333,0.0,0.4166666666666667,0.0,0.1388888888888889,0.0,0.25,0.0,0.125,0.0,0.0,0.0,0.875,0.0,0.0,0.0,0.0,0.0,1.0,0.0
SMALL_TRAIN_KNOWN_GT_FEASIBILITY_ONLY,policy_train,B1_track_nearest,16,4,12,12,8,0.08333333333333333,0.0,0.5,0.0,0.14285714285714285,0.0,0.2916666666666667,0.0,0.25,0.0,0.0,0.0,0.75,0.0,0.0,0.0,0.0,0.0,1.0,0.0
SMALL_TRAIN_KNOWN_GT_FEASIBILITY_ONLY,policy_train,B2_track_dpmeans,1,4,12,12,8,0.0,0.0,0.3333333333333333,0.0,0.0,0.0,0.16666666666666666,0.0,0.0,0.0,0.0,0.0,1.0,0.0,0.0,0.0,0.0,0.0,1.0,0.0
SMALL_TRAIN_KNOWN_GT_FEASIBILITY_ONLY,policy_train,B2_track_dpmeans,2,4,12,12,8,0.08333333333333333,0.0,0.3333333333333333,0.0,0.13333333333333333,0.0,0.20833333333333334,0.0,0.0,0.0,0.0,0.0,1.0,0.0,0.0,0.0,0.0,0.0,1.0,0.0
SMALL_TRAIN_KNOWN_GT_FEASIBILITY_ONLY,policy_train,B2_track_dpmeans,4,4,12,12,8,0.08333333333333333,0.0,0.3333333333333333,0.0,0.13333333333333333,0.0,0.20833333333333334,0.0,0.0,0.0,0.0,0.0,1.0,0.0,0.0,0.0,0.0,0.0,1.0,0.0
SMALL_TRAIN_KNOWN_GT_FEASIBILITY_ONLY,policy_train,B2_track_dpmeans,8,4,12,12,8,0.041666666666666664,0.041666666666666664,0.4166666666666667,0.0,0.06944444444444445,0.06944444444444445,0.22916666666666669,0.02083333333333333,0.125,0.0,0.0,0.0,0.875,0.0,0.0,0.0,0.0,0.0,1.0,0.0
SMALL_TRAIN_KNOWN_GT_FEASIBILITY_ONLY,policy_train,B2_track_dpmeans,16,4,12,12,8,0.041666666666666664,0.041666666666666664,0.5,0.0,0.07142857142857142,0.07142857142857142,0.27083333333333337,0.020833333333333343,0.25,0.0,0.0,0.0,0.75,0.0,0.0,0.0,0.0,0.0,1.0,0.0
SMALL_TRAIN_KNOWN_GT_FEASIBILITY_ONLY,heldout_selection,B0_frame_snapshot_vote,1,4,12,12,8,0.0,0.0,0.4166666666666667,0.0,0.0,0.0,0.20833333333333334,0.0,0.125,0.0,0.0,0.0,0.78125,0.05412658773652741,0.09375,0.05412658773652741,0.0,0.0,1.0,0.0
SMALL_TRAIN_KNOWN_GT_FEASIBILITY_ONLY,heldout_selection,B0_frame_snapshot_vote,2,4,12,12,8,0.0,0.0,0.4166666666666667,0.0,0.0,0.0,0.20833333333333334,0.0,0.125,0.0,0.03125,0.05412658773652741,0.78125,0.05412658773652741,0.0625,0.0625,0.0,0.0,1.0,0.0
SMALL_TRAIN_KNOWN_GT_FEASIBILITY_ONLY,heldout_selection,B0_frame_snapshot_vote,4,4,12,12,8,0.08333333333333333,0.0,0.4166666666666667,0.0,0.1388888888888889,0.0,0.25,0.0,0.125,0.0,0.09375,0.05412658773652741,0.78125,0.05412658773652741,0.0,0.0,0.0,0.0,1.0,0.0
SMALL_TRAIN_KNOWN_GT_FEASIBILITY_ONLY,heldout_selection,B0_frame_snapshot_vote,8,4,12,12,8,0.020833333333333332,0.03608439182435161,0.4166666666666667,0.0,0.034722222222222224,0.06014065304058602,0.21875,0.0180421959121758,0.03125,0.05412658773652741,0.21875,0.10364452469860624,0.75,0.08838834764831845,0.0,0.0,0.0,0.0,1.0,0.0
SMALL_TRAIN_KNOWN_GT_FEASIBILITY_ONLY,heldout_selection,B0_frame_snapshot_vote,16,4,12,12,8,0.0,0.0,0.39583333333333337,0.03608439182435163,0.0,0.0,0.19791666666666669,0.018042195912175815,0.0,0.0,0.25,0.08838834764831845,0.75,0.08838834764831845,0.0,0.0,0.0,0.0,1.0,0.0
SMALL_TRAIN_KNOWN_GT_FEASIBILITY_ONLY,heldout_selection,B1_track_nearest,1,4,12,12,8,0.0,0.0,0.4166666666666667,0.0,0.0,0.0,0.20833333333333334,0.0,0.125,0.0,0.0,0.0,0.78125,0.05412658773652741,0.09375,0.05412658773652741,0.0,0.0,1.0,0.0
SMALL_TRAIN_KNOWN_GT_FEASIBILITY_ONLY,heldout_selection,B1_track_nearest,2,4,12,12,8,0.0,0.0,0.4166666666666667,0.0,0.0,0.0,0.20833333333333334,0.0,0.125,0.0,0.03125,0.05412658773652741,0.78125,0.05412658773652741,0.0625,0.0625,0.0,0.0,1.0,0.0
SMALL_TRAIN_KNOWN_GT_FEASIBILITY_ONLY,heldout_selection,B1_track_nearest,4,4,12,12,8,0.08333333333333333,0.0,0.4166666666666667,0.0,0.1388888888888889,0.0,0.25,0.0,0.125,0.0,0.03125,0.05412658773652741,0.71875,0.05412658773652741,0.125,0.08838834764831845,0.0,0.0,1.0,0.0
SMALL_TRAIN_KNOWN_GT_FEASIBILITY_ONLY,heldout_selection,B1_track_nearest,8,4,12,12,8,0.08333333333333333,0.0,0.4166666666666667,0.0,0.1388888888888889,0.0,0.25,0.0,0.03125,0.05412658773652741,0.1875,0.10825317547305482,0.625,0.08838834764831845,0.15625,0.05412658773652741,0.0,0.0,1.0,0.0
SMALL_TRAIN_KNOWN_GT_FEASIBILITY_ONLY,heldout_selection,B1_track_nearest,16,4,12,12,8,0.020833333333333332,0.03608439182435161,0.39583333333333337,0.03608439182435163,0.034722222222222224,0.06014065304058602,0.20833333333333334,0.029462782549439483,0.0,0.0,0.3125,0.0625,0.5625,0.0625,0.125,0.08838834764831845,0.0,0.0,1.0,0.0
SMALL_TRAIN_KNOWN_GT_FEASIBILITY_ONLY,heldout_selection,B2_track_dpmeans,1,4,12,12,8,0.0,0.0,0.4166666666666667,0.0,0.0,0.0,0.20833333333333334,0.0,0.125,0.0,0.0625,0.0625,0.78125,0.05412658773652741,0.03125,0.05412658773652741,0.0,0.0,1.0,0.0
SMALL_TRAIN_KNOWN_GT_FEASIBILITY_ONLY,heldout_selection,B2_track_dpmeans,2,4,12,12,8,0.0,0.0,0.375,0.041666666666666685,0.0,0.0,0.1875,0.020833333333333343,0.0625,0.0625,0.15625,0.10364452469860624,0.78125,0.05412658773652741,0.0,0.0,0.0,0.0,1.0,0.0
SMALL_TRAIN_KNOWN_GT_FEASIBILITY_ONLY,heldout_selection,B2_track_dpmeans,4,4,12,12,8,0.0,0.0,0.3958333333333333,0.06909634979907084,0.0,0.0,0.19791666666666666,0.03454817489953542,0.03125,0.05412658773652741,0.21875,0.05412658773652741,0.6875,0.0625,0.0625,0.10825317547305482,0.0,0.0,1.0,0.0
SMALL_TRAIN_KNOWN_GT_FEASIBILITY_ONLY,heldout_selection,B2_track_dpmeans,8,4,12,12,8,0.0,0.0,0.4375,0.0360843918243516,0.0,0.0,0.21875,0.0180421959121758,0.03125,0.05412658773652741,0.21875,0.05412658773652741,0.625,0.08838834764831845,0.125,0.08838834764831845,0.0,0.0,1.0,0.0
SMALL_TRAIN_KNOWN_GT_FEASIBILITY_ONLY,heldout_selection,B2_track_dpmeans,16,4,12,12,8,0.0,0.0,0.4375,0.0360843918243516,0.0,0.0,0.21875,0.0180421959121758,0.0,0.0,0.28125,0.10364452469860624,0.59375,0.05412658773652741,0.125,0.08838834764831845,0.0,0.0,1.0,0.0
