all_acc_order_mean,all_acc_order_std_ddof0,correct_commit_ct_order_mean,correct_commit_ct_order_std_ddof0,effective_commit_coverage_order_mean,effective_commit_coverage_order_std_ddof0,false_merge_rate_order_mean,false_merge_rate_order_std_ddof0,false_split_new_rate_order_mean,false_split_new_rate_order_std_ddof0,fixed_gt_reuse_opportunities,h_score_order_mean,h_score_order_std_ddof0,known_gt,model,new_acc_order_mean,new_acc_order_std_ddof0,old_acc_order_mean,old_acc_order_std_ddof0,orders,parameters,partition,policy_seconds_per_track_order_mean,prefix,pseudo_novel_gt,seed,wait_unresolved_rate_order_mean,wait_unresolved_rate_order_std_ddof0,wrong_known_assignment_rate_order_mean,wrong_known_assignment_rate_order_std_ddof0
0.16666666666666666,0.0,0.0,0.0,1.0,0.0,0.0,0.0,1.0,0.0,8,0.0,0.0,12,A0_frozen_raw_mean,0.3333333333333333,0.0,0.0,0.0,4,0,policy_train,9.546479092629549e-05,1,12,,0.0,0.0,0.0,0.0
0.20833333333333334,0.0,0.0,0.0,1.0,0.0,0.0,0.0,1.0,0.0,8,0.13333333333333333,0.0,12,A0_frozen_raw_mean,0.3333333333333333,0.0,0.08333333333333333,0.0,4,0,policy_train,9.750951934014059e-05,2,12,,0.0,0.0,0.0,0.0
0.20833333333333334,0.0,0.0,0.0,1.0,0.0,0.0,0.0,1.0,0.0,8,0.13333333333333333,0.0,12,A0_frozen_raw_mean,0.3333333333333333,0.0,0.08333333333333333,0.0,4,0,policy_train,9.549035409387822e-05,4,12,,0.0,0.0,0.0,0.0
0.25,0.0,0.125,0.0,1.0,0.0,0.0,0.0,0.875,0.0,8,0.1388888888888889,0.0,12,A0_frozen_raw_mean,0.4166666666666667,0.0,0.08333333333333333,0.0,4,0,policy_train,0.00010285967800882645,8,12,,0.0,0.0,0.0,0.0
0.2916666666666667,0.0,0.25,0.0,1.0,0.0,0.0,0.0,0.75,0.0,8,0.14285714285714285,0.0,12,A0_frozen_raw_mean,0.5,0.0,0.08333333333333333,0.0,4,0,policy_train,0.00011082747884453663,16,12,,0.0,0.0,0.0,0.0
0.20833333333333334,0.0,0.125,0.0,1.0,0.0,0.0,0.0,0.78125,0.05412658773652741,8,0.0,0.0,12,A0_frozen_raw_mean,0.4166666666666667,0.0,0.0,0.0,4,0,heldout_selection,9.554853083197182e-05,1,12,,0.0,0.0,0.09375,0.05412658773652741
0.20833333333333334,0.0,0.125,0.0,1.0,0.0,0.03125,0.05412658773652741,0.78125,0.05412658773652741,8,0.0,0.0,12,A0_frozen_raw_mean,0.4166666666666667,0.0,0.0,0.0,4,0,heldout_selection,9.652627068135189e-05,2,12,,0.0,0.0,0.0625,0.0625
0.25,0.0,0.125,0.0,1.0,0.0,0.03125,0.05412658773652741,0.71875,0.05412658773652741,8,0.1388888888888889,0.0,12,A0_frozen_raw_mean,0.4166666666666667,0.0,0.08333333333333333,0.0,4,0,heldout_selection,9.306516706904706e-05,4,12,,0.0,0.0,0.125,0.08838834764831845
0.25,0.0,0.03125,0.05412658773652741,1.0,0.0,0.1875,0.10825317547305482,0.625,0.08838834764831845,8,0.1388888888888889,0.0,12,A0_frozen_raw_mean,0.4166666666666667,0.0,0.08333333333333333,0.0,4,0,heldout_selection,9.914189407330318e-05,8,12,,0.0,0.0,0.15625,0.05412658773652741
0.20833333333333334,0.029462782549439483,0.0,0.0,1.0,0.0,0.3125,0.0625,0.5625,0.0625,8,0.034722222222222224,0.06014065304058602,12,A0_frozen_raw_mean,0.39583333333333337,0.03608439182435163,0.020833333333333332,0.03608439182435161,4,0,heldout_selection,0.00010242789600548956,16,12,,0.0,0.0,0.125,0.08838834764831845
0.4375,0.020833333333333315,0.0,0.0,1.0,0.0,0.4375,0.0625,0.15625,0.05412658773652741,8,0.3568181818181818,0.006818181818181807,12,A1_semantic_adapter_mean,0.25,0.0,0.625,0.04166666666666663,4,525056,policy_train,0.00073830560662221,1,12,1027,0.0,0.0,0.40625,0.05412658773652741
0.4583333333333333,0.0,0.0,0.0,1.0,0.0,0.40625,0.10364452469860624,0.15625,0.05412658773652741,8,0.36363636363636365,0.0,12,A1_semantic_adapter_mean,0.25,0.0,0.6666666666666666,0.0,4,525056,policy_train,0.0008412610231971485,2,12,1027,0.0,0.0,0.4375,0.10825317547305482
0.47916666666666663,0.020833333333333343,0.0,0.0,1.0,0.0,0.40625,0.10364452469860624,0.15625,0.05412658773652741,8,0.3693181818181819,0.005681818181818177,12,A1_semantic_adapter_mean,0.25,0.0,0.7083333333333333,0.041666666666666685,4,525056,policy_train,0.0009413562299111314,4,12,1027,0.0,0.0,0.4375,0.10825317547305482
0.49999999999999994,0.04166666666666666,0.0,0.0,1.0,0.0,0.375,0.0,0.15625,0.05412658773652741,8,0.37412587412587417,0.010489510489510467,12,A1_semantic_adapter_mean,0.25,0.0,0.75,0.08333333333333337,4,525056,policy_train,0.0010563208955621426,8,12,1027,0.0,0.0,0.46875,0.05412658773652741
0.4895833333333333,0.03454817489953541,0.0,0.0,1.0,0.0,0.3125,0.10825317547305482,0.1875,0.0625,8,0.34741647241647244,0.041108018080825606,12,A1_semantic_adapter_mean,0.22916666666666666,0.036084391824351615,0.75,0.08333333333333337,4,525056,policy_train,0.0012452492213318085,16,12,1027,0.0,0.0,0.5,0.08838834764831845
0.4166666666666667,0.0,0.0,0.0,1.0,0.0,0.0,0.0,0.0625,0.0625,8,0.15,0.0,12,A1_semantic_adapter_mean,0.08333333333333333,0.0,0.75,0.0,4,525056,heldout_selection,0.0007160219577902657,1,12,1027,0.0,0.0,0.9375,0.0625
0.3958333333333333,0.0360843918243516,0.0,0.0,1.0,0.0,0.0,0.0,0.0625,0.0625,8,0.14898989898989898,0.001457955225226333,12,A1_semantic_adapter_mean,0.08333333333333333,0.0,0.7083333333333333,0.07216878364870326,4,525056,heldout_selection,0.0008200844164700053,2,12,1027,0.0,0.0,0.9375,0.0625
0.4166666666666667,0.0,0.0,0.0,1.0,0.0,0.0,0.0,0.0,0.0,8,0.0,0.0,12,A1_semantic_adapter_mean,0.0,0.0,0.8333333333333334,0.0,4,525056,heldout_selection,0.0009044657608683337,4,12,1027,0.0,0.0,1.0,0.0
0.4583333333333333,0.05103103630798288,0.0625,0.0625,1.0,0.0,0.0,0.0,0.0625,0.0625,8,0.2138047138047138,0.06398413868343399,12,A1_semantic_adapter_mean,0.125,0.041666666666666664,0.7916666666666667,0.07216878364870326,4,525056,heldout_selection,0.0010035939379425447,8,12,1027,0.0,0.0,0.875,0.0
0.4166666666666667,0.0,0.0,0.0,1.0,0.0,0.0,0.0,0.0,0.0,8,0.0,0.0,12,A1_semantic_adapter_mean,0.0,0.0,0.8333333333333334,0.0,4,525056,heldout_selection,0.0012188734811691877,16,12,1027,0.0,0.0,1.0,0.0
0.4166666666666667,0.0,0.0,0.0,1.0,0.0,0.4375,0.0625,0.0625,0.0625,8,0.26666666666666666,0.0,12,A2_semantic_adapter_evidence,0.16666666666666666,0.0,0.6666666666666666,0.0,4,541889,policy_train,0.0008991059694380965,1,12,1027,0.0,0.0,0.5,0.0
0.4166666666666667,0.0,0.0,0.0,1.0,0.0,0.4375,0.0625,0.0625,0.0625,8,0.26666666666666666,0.0,12,A2_semantic_adapter_evidence,0.16666666666666666,0.0,0.6666666666666666,0.0,4,541889,policy_train,0.0012332803241103345,2,12,1027,0.0,0.0,0.5,0.0
0.47916666666666663,0.020833333333333343,0.0,0.0,1.0,0.0,0.40625,0.10364452469860624,0.15625,0.05412658773652741,8,0.3693181818181819,0.005681818181818177,12,A2_semantic_adapter_evidence,0.25,0.0,0.7083333333333333,0.041666666666666685,4,541889,policy_train,0.0012071276247903977,4,12,1027,0.0,0.0,0.4375,0.10825317547305482
0.46874999999999994,0.01804219591217581,0.0,0.0,1.0,0.0,0.34375,0.13621559198564606,0.1875,0.0625,8,0.34375,0.04126658819981235,12,A2_semantic_adapter_evidence,0.22916666666666666,0.036084391824351615,0.7083333333333333,0.041666666666666685,4,541889,policy_train,0.0013006864586107745,8,12,1027,0.0,0.0,0.46875,0.10364452469860624
0.4895833333333333,0.03454817489953541,0.0,0.0,1.0,0.0,0.28125,0.10364452469860624,0.1875,0.0625,8,0.34741647241647244,0.041108018080825606,12,A2_semantic_adapter_evidence,0.22916666666666666,0.036084391824351615,0.75,0.08333333333333337,4,541889,policy_train,0.0015261549676021484,16,12,1027,0.0,0.0,0.53125,0.10364452469860624
0.4270833333333333,0.01804219591217579,0.09375,0.10364452469860624,1.0,0.0,0.03125,0.05412658773652741,0.0625,0.0625,8,0.23257575757575757,0.0894099882871575,12,A2_semantic_adapter_evidence,0.14583333333333331,0.06909634979907084,0.7083333333333333,0.041666666666666685,4,541889,heldout_selection,0.0009443319777346915,1,12,1027,0.0,0.0,0.8125,0.0625
0.4583333333333333,0.0,0.0,0.0,1.0,0.0,0.0,0.0,0.0,0.0,8,0.0,0.0,12,A2_semantic_adapter_evidence,0.0,0.0,0.9166666666666666,0.0,4,541889,heldout_selection,0.0010449191783360825,2,12,1027,0.0,0.0,1.0,0.0
0.4166666666666667,0.0,0.0,0.0,1.0,0.0,0.0,0.0,0.0,0.0,8,0.0,0.0,12,A2_semantic_adapter_evidence,0.0,0.0,0.8333333333333334,0.0,4,541889,heldout_selection,0.0012091038764386517,4,12,1027,0.0,0.0,1.0,0.0
0.4166666666666667,0.0,0.0,0.0,1.0,0.0,0.0,0.0,0.0,0.0,8,0.0,0.0,12,A2_semantic_adapter_evidence,0.0,0.0,0.8333333333333334,0.0,4,541889,heldout_selection,0.0012948313848634523,8,12,1027,0.0,0.0,1.0,0.0
0.4166666666666667,0.0,0.0,0.0,1.0,0.0,0.0,0.0,0.0,0.0,8,0.0,0.0,12,A2_semantic_adapter_evidence,0.0,0.0,0.8333333333333334,0.0,4,541889,heldout_selection,0.0015243356462330362,16,12,1027,0.0,0.0,1.0,0.0
0.3333333333333333,0.0,0.0,0.0,1.0,0.0,0.03125,0.05412658773652741,0.0625,0.0625,8,0.14583333333333331,0.0,12,A1_semantic_adapter_mean,0.08333333333333333,0.0,0.5833333333333334,0.0,4,525056,policy_train,0.0007620721147153139,1,12,1028,0.0,0.0,0.90625,0.05412658773652741
0.34375,0.03454817489953541,0.0,0.0,1.0,0.0,0.0,0.0,0.09375,0.05412658773652741,8,0.1462466931216931,0.0021731877361268054,12,A1_semantic_adapter_mean,0.08333333333333333,0.0,0.6041666666666666,0.06909634979907081,4,525056,policy_train,0.000811031280439541,2,12,1028,0.0,0.0,0.90625,0.05412658773652741
0.39583333333333337,0.020833333333333343,0.0,0.0,1.0,0.0,0.0,0.0,0.09375,0.05412658773652741,8,0.14907407407407408,0.0009259259259259273,12,A1_semantic_adapter_mean,0.08333333333333333,0.0,0.7083333333333333,0.041666666666666685,4,525056,policy_train,0.0009124329383970082,4,12,1028,0.0,0.0,0.90625,0.05412658773652741
0.39583333333333337,0.020833333333333343,0.0,0.0,1.0,0.0,0.03125,0.05412658773652741,0.09375,0.05412658773652741,8,0.14907407407407408,0.0009259259259259273,12,A1_semantic_adapter_mean,0.08333333333333333,0.0,0.7083333333333333,0.041666666666666685,4,525056,policy_train,0.0010351423531271091,8,12,1028,0.0,0.0,0.875,0.0
0.39583333333333337,0.020833333333333343,0.0,0.0,1.0,0.0,0.09375,0.05412658773652741,0.09375,0.05412658773652741,8,0.14907407407407408,0.0009259259259259273,12,A1_semantic_adapter_mean,0.08333333333333333,0.0,0.7083333333333333,0.041666666666666685,4,525056,policy_train,0.0012152909263628924,16,12,1028,0.0,0.0,0.8125,0.0625
0.4270833333333333,0.034548174899535405,0.0,0.0,1.0,0.0,0.15625,0.10364452469860624,0.0625,0.0625,8,0.1805976430976431,0.05320442993291647,12,A1_semantic_adapter_mean,0.10416666666666666,0.03608439182435161,0.75,0.05892556509887899,4,525056,heldout_selection,0.0008021169381512058,1,12,1028,0.0,0.0,0.78125,0.10364452469860624
0.5,0.029462782549439473,0.0,0.0,1.0,0.0,0.15625,0.13621559198564606,0.125,0.0,8,0.18478049728049728,0.056161679350674315,12,A1_semantic_adapter_mean,0.10416666666666666,0.03608439182435161,0.8958333333333333,0.03608439182435158,4,525056,heldout_selection,0.000843061032355763,2,12,1028,0.0,0.0,0.71875,0.13621559198564606
0.4583333333333333,0.0,0.0,0.0,1.0,0.0,0.125,0.08838834764831845,0.125,0.0,8,0.15151515151515152,0.0,12,A1_semantic_adapter_mean,0.08333333333333333,0.0,0.8333333333333334,0.0,4,525056,heldout_selection,0.0009335439168959662,4,12,1028,0.0,0.0,0.75,0.08838834764831845
0.4583333333333333,0.0,0.0,0.0,1.0,0.0,0.125,0.08838834764831845,0.125,0.0,8,0.15151515151515152,0.0,12,A1_semantic_adapter_mean,0.08333333333333333,0.0,0.8333333333333334,0.0,4,525056,heldout_selection,0.0011052394884245587,8,12,1028,0.0,0.0,0.75,0.08838834764831845
0.40625,0.04540519732854869,0.0,0.0,1.0,0.0,0.125,0.08838834764831845,0.125,0.0,8,0.17850378787878785,0.05094336122739731,12,A1_semantic_adapter_mean,0.10416666666666666,0.03608439182435161,0.7083333333333334,0.09316949906249124,4,525056,heldout_selection,0.0012723198024104931,16,12,1028,0.0,0.0,0.75,0.08838834764831845
0.3333333333333333,0.0,0.0,0.0,1.0,0.0,0.03125,0.05412658773652741,0.0625,0.0625,8,0.14583333333333331,0.0,12,A2_semantic_adapter_evidence,0.08333333333333333,0.0,0.5833333333333334,0.0,4,541889,policy_train,0.000936951489469114,1,12,1028,0.0,0.0,0.90625,0.05412658773652741
0.34375,0.03454817489953541,0.0,0.0,1.0,0.0,0.0,0.0,0.09375,0.05412658773652741,8,0.1462466931216931,0.0021731877361268054,12,A2_semantic_adapter_evidence,0.08333333333333333,0.0,0.6041666666666666,0.06909634979907081,4,541889,policy_train,0.001054924843022794,2,12,1028,0.0,0.0,0.90625,0.05412658773652741
0.39583333333333337,0.020833333333333343,0.0,0.0,1.0,0.0,0.0,0.0,0.09375,0.05412658773652741,8,0.14907407407407408,0.0009259259259259273,12,A2_semantic_adapter_evidence,0.08333333333333333,0.0,0.7083333333333333,0.041666666666666685,4,541889,policy_train,0.0011589259177829567,4,12,1028,0.0,0.0,0.90625,0.05412658773652741
0.39583333333333337,0.020833333333333343,0.0,0.0,1.0,0.0,0.03125,0.05412658773652741,0.09375,0.05412658773652741,8,0.14907407407407408,0.0009259259259259273,12,A2_semantic_adapter_evidence,0.08333333333333333,0.0,0.7083333333333333,0.041666666666666685,4,541889,policy_train,0.001277525501791388,8,12,1028,0.0,0.0,0.875,0.0
0.375,0.0,0.0,0.0,1.0,0.0,0.15625,0.05412658773652741,0.0625,0.0625,8,0.17592592592592593,0.04811252243246881,12,A2_semantic_adapter_evidence,0.10416666666666666,0.03608439182435161,0.6458333333333333,0.03608439182435158,4,541889,policy_train,0.0014977257287682733,16,12,1028,0.0,0.0,0.78125,0.05412658773652741
0.4270833333333333,0.034548174899535405,0.0,0.0,1.0,0.0,0.125,0.08838834764831845,0.0625,0.0625,8,0.1805976430976431,0.05320442993291647,12,A2_semantic_adapter_evidence,0.10416666666666666,0.03608439182435161,0.75,0.05892556509887899,4,541889,heldout_selection,0.0009605620331664493,1,12,1028,0.0,0.0,0.8125,0.0625
0.4583333333333333,0.029462782549439473,0.0,0.0,1.0,0.0,0.15625,0.13621559198564606,0.125,0.0,8,0.1827020202020202,0.05489549927107309,12,A2_semantic_adapter_evidence,0.10416666666666666,0.03608439182435161,0.8125000000000001,0.03608439182435162,4,541889,heldout_selection,0.00106698106174008,2,12,1028,0.0,0.0,0.71875,0.13621559198564606
0.4583333333333333,0.0,0.0,0.0,1.0,0.0,0.125,0.08838834764831845,0.125,0.0,8,0.15151515151515152,0.0,12,A2_semantic_adapter_evidence,0.08333333333333333,0.0,0.8333333333333334,0.0,4,541889,heldout_selection,0.00115797410489904,4,12,1028,0.0,0.0,0.75,0.08838834764831845
0.4583333333333333,0.0,0.0,0.0,1.0,0.0,0.125,0.08838834764831845,0.125,0.0,8,0.15151515151515152,0.0,12,A2_semantic_adapter_evidence,0.08333333333333333,0.0,0.8333333333333334,0.0,4,541889,heldout_selection,0.0012713020005321596,8,12,1028,0.0,0.0,0.75,0.08838834764831845
0.40625,0.04540519732854869,0.0,0.0,1.0,0.0,0.125,0.08838834764831845,0.125,0.0,8,0.17850378787878785,0.05094336122739731,12,A2_semantic_adapter_evidence,0.10416666666666666,0.03608439182435161,0.7083333333333334,0.09316949906249124,4,541889,heldout_selection,0.0015677477182786483,16,12,1028,0.0,0.0,0.75,0.08838834764831845
0.375,0.0,0.0,0.0,1.0,0.0,0.0,0.0,0.0,0.0,8,0.0,0.0,12,A1_semantic_adapter_mean,0.0,0.0,0.75,0.0,4,525056,policy_train,0.0007648293230886338,1,12,1029,0.0,0.0,1.0,0.0
0.3333333333333333,0.0,0.0,0.0,1.0,0.0,0.0,0.0,0.0,0.0,8,0.0,0.0,12,A1_semantic_adapter_mean,0.0,0.0,0.6666666666666666,0.0,4,525056,policy_train,0.0008076855522934542,2,12,1029,0.0,0.0,1.0,0.0
0.375,0.0,0.0,0.0,1.0,0.0,0.0,0.0,0.0,0.0,8,0.0,0.0,12,A1_semantic_adapter_mean,0.0,0.0,0.75,0.0,4,525056,policy_train,0.0009084027084706273,4,12,1029,0.0,0.0,1.0,0.0
0.4166666666666667,0.0,0.0,0.0,1.0,0.0,0.0,0.0,0.0,0.0,8,0.0,0.0,12,A1_semantic_adapter_mean,0.0,0.0,0.8333333333333334,0.0,4,525056,policy_train,0.0010411410006175477,8,12,1029,0.0,0.0,1.0,0.0
0.4583333333333333,0.0,0.0,0.0,1.0,0.0,0.0,0.0,0.0,0.0,8,0.0,0.0,12,A1_semantic_adapter_mean,0.0,0.0,0.9166666666666666,0.0,4,525056,policy_train,0.0013153979774263766,16,12,1029,0.0,0.0,1.0,0.0
0.4479166666666667,0.034548174899535405,0.09375,0.10364452469860624,1.0,0.0,0.0,0.0,0.0625,0.0625,8,0.2369318181818182,0.09415203054301008,12,A1_semantic_adapter_mean,0.14583333333333331,0.06909634979907084,0.75,0.0,4,525056,heldout_selection,0.0007728837293446608,1,12,1029,0.0,0.0,0.84375,0.05412658773652741
0.47916666666666663,0.020833333333333343,0.0625,0.0625,1.0,0.0,0.0,0.0,0.0625,0.0625,8,0.21464646464646464,0.06313131313131314,12,A1_semantic_adapter_mean,0.125,0.041666666666666664,0.8333333333333334,0.0,4,525056,heldout_selection,0.0008147621874741162,2,12,1029,0.0,0.0,0.875,0.0
0.47916666666666663,0.020833333333333343,0.0625,0.0625,1.0,0.0,0.0,0.0,0.0625,0.0625,8,0.21464646464646464,0.06313131313131314,12,A1_semantic_adapter_mean,0.125,0.041666666666666664,0.8333333333333334,0.0,4,525056,heldout_selection,0.0009127496772028584,4,12,1029,0.0,0.0,0.875,0.0
0.47916666666666663,0.020833333333333343,0.0625,0.0625,1.0,0.0,0.0,0.0,0.0625,0.0625,8,0.21464646464646464,0.06313131313131314,12,A1_semantic_adapter_mean,0.125,0.041666666666666664,0.8333333333333334,0.0,4,525056,heldout_selection,0.0010135979900951497,8,12,1029,0.0,0.0,0.875,0.0
0.5,0.04166666666666666,0.125,0.125,1.0,0.0,0.0,0.0,0.0625,0.0625,8,0.26806526806526804,0.11655011655011653,12,A1_semantic_adapter_mean,0.16666666666666666,0.08333333333333334,0.8333333333333334,0.0,4,525056,heldout_selection,0.0012247427803231403,16,12,1029,0.0,0.0,0.8125,0.0625
0.375,0.0,0.0,0.0,1.0,0.0,0.0,0.0,0.0,0.0,8,0.0,0.0,12,A2_semantic_adapter_evidence,0.0,0.0,0.75,0.0,4,541889,policy_train,0.0009480570937133355,1,12,1029,0.0,0.0,1.0,0.0
0.3333333333333333,0.0,0.0,0.0,1.0,0.0,0.0,0.0,0.0,0.0,8,0.0,0.0,12,A2_semantic_adapter_evidence,0.0,0.0,0.6666666666666666,0.0,4,541889,policy_train,0.0010434681780679966,2,12,1029,0.0,0.0,1.0,0.0
0.375,0.0,0.0,0.0,1.0,0.0,0.0,0.0,0.0,0.0,8,0.0,0.0,12,A2_semantic_adapter_evidence,0.0,0.0,0.75,0.0,4,541889,policy_train,0.0012182771773344332,4,12,1029,0.0,0.0,1.0,0.0
0.4166666666666667,0.0,0.0,0.0,1.0,0.0,0.0,0.0,0.0,0.0,8,0.0,0.0,12,A2_semantic_adapter_evidence,0.0,0.0,0.8333333333333334,0.0,4,541889,policy_train,0.001358682519518576,8,12,1029,0.0,0.0,1.0,0.0
0.4583333333333333,0.0,0.0,0.0,1.0,0.0,0.0,0.0,0.0,0.0,8,0.0,0.0,12,A2_semantic_adapter_evidence,0.0,0.0,0.9166666666666666,0.0,4,541889,policy_train,0.0015450179062099778,16,12,1029,0.0,0.0,1.0,0.0
0.4479166666666667,0.034548174899535405,0.09375,0.10364452469860624,1.0,0.0,0.0,0.0,0.0625,0.0625,8,0.2369318181818182,0.09415203054301008,12,A2_semantic_adapter_evidence,0.14583333333333331,0.06909634979907084,0.75,0.0,4,541889,heldout_selection,0.0009335816039310885,1,12,1029,0.0,0.0,0.84375,0.05412658773652741
0.47916666666666663,0.020833333333333343,0.0625,0.0625,1.0,0.0,0.0,0.0,0.0625,0.0625,8,0.21464646464646464,0.06313131313131314,12,A2_semantic_adapter_evidence,0.125,0.041666666666666664,0.8333333333333334,0.0,4,541889,heldout_selection,0.001047439801368455,2,12,1029,0.0,0.0,0.875,0.0
0.47916666666666663,0.020833333333333343,0.0625,0.0625,1.0,0.0,0.0,0.0,0.0625,0.0625,8,0.21464646464646464,0.06313131313131314,12,A2_semantic_adapter_evidence,0.125,0.041666666666666664,0.8333333333333334,0.0,4,541889,heldout_selection,0.0011621556556444073,4,12,1029,0.0,0.0,0.875,0.0
0.47916666666666663,0.020833333333333343,0.0625,0.0625,1.0,0.0,0.0,0.0,0.0625,0.0625,8,0.21464646464646464,0.06313131313131314,12,A2_semantic_adapter_evidence,0.125,0.041666666666666664,0.8333333333333334,0.0,4,541889,heldout_selection,0.0012751447520713555,8,12,1029,0.0,0.0,0.875,0.0
0.5,0.04166666666666666,0.125,0.125,1.0,0.0,0.0,0.0,0.0625,0.0625,8,0.26806526806526804,0.11655011655011653,12,A2_semantic_adapter_evidence,0.16666666666666666,0.08333333333333334,0.8333333333333334,0.0,4,541889,heldout_selection,0.001492410562908238,16,12,1029,0.0,0.0,0.8125,0.0625
