scope,method,representation,coverage_target,prefix,seeds,orders,old_acc_mean,old_acc_seed_std_ddof0,new_acc_mean,new_acc_seed_std_ddof0,h_score_mean,h_score_seed_std_ddof0,all_acc_mean,all_acc_seed_std_ddof0,correct_commit_ct_mean,correct_commit_ct_seed_std_ddof0,false_merge_rate_mean,false_merge_rate_seed_std_ddof0,false_split_new_rate_mean,false_split_new_rate_seed_std_ddof0,wrong_known_assignment_rate_mean,wrong_known_assignment_rate_seed_std_ddof0,wait_unresolved_rate_mean,wait_unresolved_rate_seed_std_ddof0,effective_commit_coverage_mean,effective_commit_coverage_seed_std_ddof0,all_novel_wrong_known_rate_mean,all_novel_wrong_known_rate_seed_std_ddof0,memory_contamination_write_events_mean,memory_contamination_write_events_seed_std_ddof0,actual_commitment_coverage_mean
TAO_TRAIN_GT_CONTROLLED_HELDOUT,D1_SIMPLE_MLP,A1_SELECTED,0.5,1,3,4,0.2882447665056361,0.24380053478315408,0.0,0.0,0.0,0.0,0.2675635276532138,0.22630811973144796,0.0,0.0,0.0,0.0,0.0,0.0,0.4484126984126984,0.4000792522479529,0.5515873015873015,0.4000792522479529,0.4484126984126984,0.4000792522479529,0.4583333333333333,0.3963811998008427,0.0,0.0,0.5302690582959642
TAO_TRAIN_GT_CONTROLLED_HELDOUT,D1_SIMPLE_MLP,A1_SELECTED,0.5,2,3,4,0.42270531400966177,0.18012047764107972,0.0,0.0,0.0,0.0,0.39237668161434974,0.16719703529911883,0.0,0.0,0.0,0.0,0.0,0.0,0.5859788359788359,0.38994475672882123,0.414021164021164,0.38994475672882123,0.5859788359788359,0.38994475672882123,0.6041666666666666,0.3963811998008427,0.0,0.0,0.8056801195814648
TAO_TRAIN_GT_CONTROLLED_HELDOUT,D1_SIMPLE_MLP,A1_SELECTED,0.5,4,3,4,0.46336553945249603,0.18880880277651743,0.0,0.0,0.0,0.0,0.4301195814648729,0.17526198284636377,0.0,0.0,0.0,0.0,0.0,0.0,0.7116402116402116,0.36921588775417996,0.28835978835978837,0.36921588775417996,0.7116402116402116,0.36921588775417996,0.7083333333333334,0.36916760722227815,0.0,0.0,0.914424514200299
TAO_TRAIN_GT_CONTROLLED_HELDOUT,D1_SIMPLE_MLP,A1_SELECTED,0.5,8,3,4,0.4794685990338164,0.20963298554074922,0.041666666666666664,0.02946278254943948,0.06992087952265881,0.049501722217172736,0.44805680119581465,0.1925344850997199,0.0,0.0,0.0,0.0,0.04894179894179893,0.03755309409147722,0.7142857142857143,0.3286391566829531,0.23677248677248677,0.29643208339811544,0.7632275132275131,0.29643208339811544,0.703125,0.3353616673334427,0.0,0.0,0.9304932735426009
TAO_TRAIN_GT_CONTROLLED_HELDOUT,D1_SIMPLE_MLP,A1_SELECTED,0.5,16,3,4,0.48993558776167473,0.21406548213080887,0.078125,0.05560978256266308,0.11552055998784905,0.08304990124275133,0.46038863976083705,0.1949970952031438,0.0,0.0,0.0,0.0,0.10846560846560847,0.08205324031360224,0.6904761904761904,0.3175264481385601,0.20105820105820105,0.2461028514192113,0.798941798941799,0.24610285141921132,0.6875,0.30962216557712186,0.0,0.0,0.9409566517189836
TAO_TRAIN_GT_CONTROLLED_HELDOUT,D1_SIMPLE_MLP,A1_SELECTED,0.75,1,3,4,0.2882447665056361,0.24380053478315408,0.0,0.0,0.0,0.0,0.2675635276532138,0.22630811973144796,0.0,0.0,0.0,0.0,0.0,0.0,0.4484126984126984,0.4000792522479529,0.5515873015873015,0.4000792522479529,0.4484126984126984,0.4000792522479529,0.4583333333333333,0.3963811998008427,0.0,0.0,0.5302690582959642
TAO_TRAIN_GT_CONTROLLED_HELDOUT,D1_SIMPLE_MLP,A1_SELECTED,0.75,2,3,4,0.42270531400966177,0.18012047764107972,0.0,0.0,0.0,0.0,0.39237668161434974,0.16719703529911883,0.0,0.0,0.0,0.0,0.0,0.0,0.5859788359788359,0.38994475672882123,0.414021164021164,0.38994475672882123,0.5859788359788359,0.38994475672882123,0.6041666666666666,0.3963811998008427,0.0,0.0,0.8056801195814648
TAO_TRAIN_GT_CONTROLLED_HELDOUT,D1_SIMPLE_MLP,A1_SELECTED,0.75,4,3,4,0.46336553945249603,0.18880880277651743,0.0,0.0,0.0,0.0,0.4301195814648729,0.17526198284636377,0.0,0.0,0.0,0.0,0.0,0.0,0.7116402116402116,0.36921588775417996,0.28835978835978837,0.36921588775417996,0.7116402116402116,0.36921588775417996,0.7083333333333334,0.36916760722227815,0.0,0.0,0.914424514200299
TAO_TRAIN_GT_CONTROLLED_HELDOUT,D1_SIMPLE_MLP,A1_SELECTED,0.75,8,3,4,0.4794685990338164,0.20963298554074922,0.041666666666666664,0.02946278254943948,0.06992087952265881,0.049501722217172736,0.44805680119581465,0.1925344850997199,0.0,0.0,0.0,0.0,0.04894179894179893,0.03755309409147722,0.7142857142857143,0.3286391566829531,0.23677248677248677,0.29643208339811544,0.7632275132275131,0.29643208339811544,0.703125,0.3353616673334427,0.0,0.0,0.9304932735426009
TAO_TRAIN_GT_CONTROLLED_HELDOUT,D1_SIMPLE_MLP,A1_SELECTED,0.75,16,3,4,0.48993558776167473,0.21406548213080887,0.078125,0.05560978256266308,0.11552055998784905,0.08304990124275133,0.46038863976083705,0.1949970952031438,0.0,0.0,0.0,0.0,0.10846560846560847,0.08205324031360224,0.6904761904761904,0.3175264481385601,0.20105820105820105,0.2461028514192113,0.798941798941799,0.24610285141921132,0.6875,0.30962216557712186,0.0,0.0,0.9409566517189836
TAO_TRAIN_GT_CONTROLLED_HELDOUT,D1_SIMPLE_MLP,A1_SELECTED,1.0,1,3,4,0.3828502415458937,0.1780435203153887,0.0625,0.05103103630798288,0.08827568886155696,0.06705403026034694,0.3598654708520179,0.16190918145700453,0.0,0.0,0.0,0.0,0.12698412698412698,0.12092870103851212,0.873015873015873,0.12092870103851218,0.0,0.0,1.0,0.0,0.90625,0.0919975090242484,0.0,0.0,1.0
TAO_TRAIN_GT_CONTROLLED_HELDOUT,D1_SIMPLE_MLP,A1_SELECTED,1.0,2,3,4,0.46014492753623193,0.1540695517542465,0.020833333333333332,0.02946278254943948,0.035681490347908566,0.05046124757569699,0.42862481315396117,0.14220837165498312,0.0,0.0,0.0,0.0,0.03042328042328042,0.04302501578648305,0.9695767195767195,0.04302501578648305,0.0,0.0,1.0,0.0,0.9791666666666666,0.02946278254943948,0.0,0.0,1.0
TAO_TRAIN_GT_CONTROLLED_HELDOUT,D1_SIMPLE_MLP,A1_SELECTED,1.0,4,3,4,0.48550724637681153,0.1695043038530724,0.020833333333333332,0.02946278254943948,0.03536780234672868,0.05001762575007467,0.4521674140508221,0.1561702069803204,0.0,0.0,0.0,0.0,0.03042328042328042,0.04302501578648305,0.9695767195767195,0.04302501578648305,0.0,0.0,1.0,0.0,0.9791666666666666,0.02946278254943948,0.0,0.0,1.0
TAO_TRAIN_GT_CONTROLLED_HELDOUT,D1_SIMPLE_MLP,A1_SELECTED,1.0,8,3,4,0.5012077294685989,0.18991969906354222,0.041666666666666664,0.02946278254943948,0.07117177363906528,0.05033424201219971,0.468236173393124,0.17419262485395626,0.0,0.0,0.0,0.0,0.04894179894179893,0.03755309409147722,0.951058201058201,0.03755309409147723,0.0,0.0,1.0,0.0,0.9583333333333334,0.02946278254943948,0.0,0.0,1.0
TAO_TRAIN_GT_CONTROLLED_HELDOUT,D1_SIMPLE_MLP,A1_SELECTED,1.0,16,3,4,0.5088566827697263,0.19612706856946951,0.078125,0.05560978256266308,0.11817522692396391,0.08438339220737047,0.4779521674140508,0.17822017323857128,0.0,0.0,0.0,0.0,0.10846560846560847,0.08205324031360224,0.8915343915343916,0.08205324031360223,0.0,0.0,1.0,0.0,0.8958333333333334,0.07475364632503814,0.0,0.0,1.0
TAO_TRAIN_GT_CONTROLLED_HELDOUT,D2_RISK_AWARE,A1_SELECTED,0.5,1,3,4,0.4460547504025765,0.31679265531250234,0.20833333333333334,0.29462782549439476,0.0,0.0,0.4289985052316891,0.2730234317836099,0.0,0.0,0.3333333333333333,0.4714045207910317,0.0,0.0,0.6666666666666666,0.4714045207910317,0.0,0.0,1.0,0.0,0.6666666666666666,0.4714045207910317,72.5,102.5304832720494,0.9955156950672647
TAO_TRAIN_GT_CONTROLLED_HELDOUT,D2_RISK_AWARE,A1_SELECTED,0.5,2,3,4,0.4669887278582931,0.3307993330784885,0.20833333333333334,0.29462782549439476,0.0,0.0,0.4484304932735426,0.28596601598967103,0.0,0.0,0.3333333333333333,0.4714045207910317,0.0,0.0,0.6666666666666666,0.4714045207910317,0.0,0.0,1.0,0.0,0.6666666666666666,0.4714045207910317,69.41666666666667,98.16999145473234,0.9813153961136024
TAO_TRAIN_GT_CONTROLLED_HELDOUT,D2_RISK_AWARE,A1_SELECTED,0.5,4,3,4,0.4943639291465378,0.3498405908247255,0.20833333333333334,0.29462782549439476,0.0,0.0,0.47384155455904337,0.30361831659141514,0.0,0.0,0.3333333333333333,0.4714045207910317,0.0,0.0,0.6666666666666666,0.4714045207910317,0.0,0.0,1.0,0.0,0.6666666666666666,0.4714045207910317,64.33333333333333,90.98107251266912,0.9588938714499253
TAO_TRAIN_GT_CONTROLLED_HELDOUT,D2_RISK_AWARE,A1_SELECTED,0.5,8,3,4,0.5120772946859903,0.36209332756412577,0.20833333333333334,0.29462782549439476,0.0,0.0,0.4902840059790732,0.3149743210666534,0.0,0.0,0.3333333333333333,0.4714045207910317,0.0,0.0,0.6666666666666666,0.4714045207910317,0.0,0.0,1.0,0.0,0.6666666666666666,0.4714045207910317,67.66666666666667,95.69511772057942,0.9742152466367714
TAO_TRAIN_GT_CONTROLLED_HELDOUT,D2_RISK_AWARE,A1_SELECTED,0.5,16,3,4,0.5152979066022544,0.36445603345400107,0.20833333333333334,0.29462782549439476,0.0,0.0,0.4932735426008969,0.3171727882780232,0.0,0.0,0.30952380952380953,0.43773276930595795,0.0,0.0,0.6666666666666666,0.4714045207910317,0.023809523809523808,0.03367175148507369,0.9761904761904763,0.033671751485073675,0.6666666666666666,0.4714045207910317,59.166666666666664,83.67430244040813,0.9360986547085202
TAO_TRAIN_GT_CONTROLLED_HELDOUT,D2_RISK_AWARE,A1_SELECTED,0.75,1,3,4,0.4460547504025765,0.31679265531250234,0.20833333333333334,0.29462782549439476,0.0,0.0,0.4289985052316891,0.2730234317836099,0.0,0.0,0.3333333333333333,0.4714045207910317,0.0,0.0,0.6666666666666666,0.4714045207910317,0.0,0.0,1.0,0.0,0.6666666666666666,0.4714045207910317,72.5,102.5304832720494,0.9955156950672647
TAO_TRAIN_GT_CONTROLLED_HELDOUT,D2_RISK_AWARE,A1_SELECTED,0.75,2,3,4,0.4669887278582931,0.3307993330784885,0.20833333333333334,0.29462782549439476,0.0,0.0,0.4484304932735426,0.28596601598967103,0.0,0.0,0.3333333333333333,0.4714045207910317,0.0,0.0,0.6666666666666666,0.4714045207910317,0.0,0.0,1.0,0.0,0.6666666666666666,0.4714045207910317,69.41666666666667,98.16999145473234,0.9813153961136024
TAO_TRAIN_GT_CONTROLLED_HELDOUT,D2_RISK_AWARE,A1_SELECTED,0.75,4,3,4,0.4943639291465378,0.3498405908247255,0.20833333333333334,0.29462782549439476,0.0,0.0,0.47384155455904337,0.30361831659141514,0.0,0.0,0.3333333333333333,0.4714045207910317,0.0,0.0,0.6666666666666666,0.4714045207910317,0.0,0.0,1.0,0.0,0.6666666666666666,0.4714045207910317,64.33333333333333,90.98107251266912,0.9588938714499253
TAO_TRAIN_GT_CONTROLLED_HELDOUT,D2_RISK_AWARE,A1_SELECTED,0.75,8,3,4,0.5120772946859903,0.36209332756412577,0.20833333333333334,0.29462782549439476,0.0,0.0,0.4902840059790732,0.3149743210666534,0.0,0.0,0.3333333333333333,0.4714045207910317,0.0,0.0,0.6666666666666666,0.4714045207910317,0.0,0.0,1.0,0.0,0.6666666666666666,0.4714045207910317,67.66666666666667,95.69511772057942,0.9742152466367714
TAO_TRAIN_GT_CONTROLLED_HELDOUT,D2_RISK_AWARE,A1_SELECTED,0.75,16,3,4,0.5152979066022544,0.36445603345400107,0.20833333333333334,0.29462782549439476,0.0,0.0,0.4932735426008969,0.3171727882780232,0.0,0.0,0.30952380952380953,0.43773276930595795,0.0,0.0,0.6666666666666666,0.4714045207910317,0.023809523809523808,0.03367175148507369,0.9761904761904763,0.033671751485073675,0.6666666666666666,0.4714045207910317,59.166666666666664,83.67430244040813,0.9360986547085202
TAO_TRAIN_GT_CONTROLLED_HELDOUT,D2_RISK_AWARE,A1_SELECTED,1.0,1,3,4,0.4460547504025765,0.31679265531250234,0.20833333333333334,0.29462782549439476,0.0,0.0,0.4289985052316891,0.2730234317836099,0.0,0.0,0.3333333333333333,0.4714045207910317,0.0,0.0,0.6666666666666666,0.4714045207910317,0.0,0.0,1.0,0.0,0.6666666666666666,0.4714045207910317,72.5,102.5304832720494,0.9955156950672647
TAO_TRAIN_GT_CONTROLLED_HELDOUT,D2_RISK_AWARE,A1_SELECTED,1.0,2,3,4,0.4669887278582931,0.3307993330784885,0.20833333333333334,0.29462782549439476,0.0,0.0,0.4484304932735426,0.28596601598967103,0.0,0.0,0.3333333333333333,0.4714045207910317,0.0,0.0,0.6666666666666666,0.4714045207910317,0.0,0.0,1.0,0.0,0.6666666666666666,0.4714045207910317,69.41666666666667,98.16999145473234,0.9813153961136024
TAO_TRAIN_GT_CONTROLLED_HELDOUT,D2_RISK_AWARE,A1_SELECTED,1.0,4,3,4,0.4943639291465378,0.3498405908247255,0.20833333333333334,0.29462782549439476,0.0,0.0,0.47384155455904337,0.30361831659141514,0.0,0.0,0.3333333333333333,0.4714045207910317,0.0,0.0,0.6666666666666666,0.4714045207910317,0.0,0.0,1.0,0.0,0.6666666666666666,0.4714045207910317,64.33333333333333,90.98107251266912,0.9588938714499253
TAO_TRAIN_GT_CONTROLLED_HELDOUT,D2_RISK_AWARE,A1_SELECTED,1.0,8,3,4,0.5120772946859903,0.36209332756412577,0.20833333333333334,0.29462782549439476,0.0,0.0,0.4902840059790732,0.3149743210666534,0.0,0.0,0.3333333333333333,0.4714045207910317,0.0,0.0,0.6666666666666666,0.4714045207910317,0.0,0.0,1.0,0.0,0.6666666666666666,0.4714045207910317,67.66666666666667,95.69511772057942,0.9742152466367714
TAO_TRAIN_GT_CONTROLLED_HELDOUT,D2_RISK_AWARE,A1_SELECTED,1.0,16,3,4,0.5152979066022544,0.36445603345400107,0.20833333333333334,0.29462782549439476,0.0,0.0,0.4932735426008969,0.3171727882780232,0.0,0.0,0.30952380952380953,0.43773276930595795,0.0,0.0,0.6666666666666666,0.4714045207910317,0.023809523809523808,0.03367175148507369,0.9761904761904763,0.033671751485073675,0.6666666666666666,0.4714045207910317,59.166666666666664,83.67430244040813,0.9360986547085202
TAO_TRAIN_GT_CONTROLLED_HELDOUT,WITHOUT_ADAPTER,A0_RAW,0.5,1,3,4,0.4025764895330113,0.28466456569506743,0.20833333333333334,0.29462782549439476,0.0,0.0,0.3886397608370702,0.2431009860581553,0.0,0.0,0.3333333333333333,0.4714045207910317,0.0,0.0,0.6666666666666666,0.4714045207910317,0.0,0.0,1.0,0.0,0.6666666666666666,0.4714045207910317,72.66666666666667,102.76618553244491,1.0
TAO_TRAIN_GT_CONTROLLED_HELDOUT,WITHOUT_ADAPTER,A0_RAW,0.5,2,3,4,0.2222222222222222,0.27754313411053966,0.4166666666666667,0.2946278254943948,0.03183534390570847,0.045021975114264576,0.2361733931240658,0.23656095803958355,0.0,0.0,0.6666666666666666,0.4714045207910317,0.0,0.0,0.3333333333333333,0.4714045207910317,0.0,0.0,1.0,0.0,0.3385416666666667,0.4677651691524522,140.75,99.68345733704598,1.0
TAO_TRAIN_GT_CONTROLLED_HELDOUT,WITHOUT_ADAPTER,A0_RAW,0.5,4,3,4,0.21095008051529793,0.29491908453228455,0.4166666666666667,0.2946278254943948,0.003159694967212507,0.004468483475593939,0.22571001494768314,0.2526202668968387,0.0,0.0,0.6666666666666666,0.4714045207910317,0.0,0.0,0.3333333333333333,0.4714045207910317,0.0,0.0,1.0,0.0,0.3333333333333333,0.4714045207910317,145.33333333333334,102.76618553244491,1.0
TAO_TRAIN_GT_CONTROLLED_HELDOUT,WITHOUT_ADAPTER,A0_RAW,0.5,8,3,4,0.21095008051529793,0.2983284648484307,0.4166666666666667,0.2946278254943948,0.0,0.0,0.22571001494768314,0.2557845157655374,0.0,0.0,0.6666666666666666,0.4714045207910317,0.0,0.0,0.3333333333333333,0.4714045207910317,0.0,0.0,1.0,0.0,0.3333333333333333,0.4714045207910317,145.33333333333334,102.76618553244491,1.0
TAO_TRAIN_GT_CONTROLLED_HELDOUT,WITHOUT_ADAPTER,A0_RAW,0.5,16,3,4,0.21256038647342992,0.30060578137399124,0.4166666666666667,0.2946278254943948,0.0,0.0,0.22720478325859494,0.25789843738343443,0.0,0.0,0.6666666666666666,0.4714045207910317,0.0,0.0,0.3333333333333333,0.4714045207910317,0.0,0.0,1.0,0.0,0.3333333333333333,0.4714045207910317,145.66666666666666,103.00188779284042,1.0
TAO_TRAIN_GT_CONTROLLED_HELDOUT,WITHOUT_ADAPTER,A0_RAW,0.75,1,3,4,0.4025764895330113,0.28466456569506743,0.20833333333333334,0.29462782549439476,0.0,0.0,0.3886397608370702,0.2431009860581553,0.0,0.0,0.3333333333333333,0.4714045207910317,0.0,0.0,0.6666666666666666,0.4714045207910317,0.0,0.0,1.0,0.0,0.6666666666666666,0.4714045207910317,72.66666666666667,102.76618553244491,1.0
TAO_TRAIN_GT_CONTROLLED_HELDOUT,WITHOUT_ADAPTER,A0_RAW,0.75,2,3,4,0.2222222222222222,0.27754313411053966,0.4166666666666667,0.2946278254943948,0.03183534390570847,0.045021975114264576,0.2361733931240658,0.23656095803958355,0.0,0.0,0.6666666666666666,0.4714045207910317,0.0,0.0,0.3333333333333333,0.4714045207910317,0.0,0.0,1.0,0.0,0.3385416666666667,0.4677651691524522,140.75,99.68345733704598,1.0
TAO_TRAIN_GT_CONTROLLED_HELDOUT,WITHOUT_ADAPTER,A0_RAW,0.75,4,3,4,0.21095008051529793,0.29491908453228455,0.4166666666666667,0.2946278254943948,0.003159694967212507,0.004468483475593939,0.22571001494768314,0.2526202668968387,0.0,0.0,0.6666666666666666,0.4714045207910317,0.0,0.0,0.3333333333333333,0.4714045207910317,0.0,0.0,1.0,0.0,0.3333333333333333,0.4714045207910317,145.33333333333334,102.76618553244491,1.0
TAO_TRAIN_GT_CONTROLLED_HELDOUT,WITHOUT_ADAPTER,A0_RAW,0.75,8,3,4,0.21095008051529793,0.2983284648484307,0.4166666666666667,0.2946278254943948,0.0,0.0,0.22571001494768314,0.2557845157655374,0.0,0.0,0.6666666666666666,0.4714045207910317,0.0,0.0,0.3333333333333333,0.4714045207910317,0.0,0.0,1.0,0.0,0.3333333333333333,0.4714045207910317,145.33333333333334,102.76618553244491,1.0
TAO_TRAIN_GT_CONTROLLED_HELDOUT,WITHOUT_ADAPTER,A0_RAW,0.75,16,3,4,0.21256038647342992,0.30060578137399124,0.4166666666666667,0.2946278254943948,0.0,0.0,0.22720478325859494,0.25789843738343443,0.0,0.0,0.6666666666666666,0.4714045207910317,0.0,0.0,0.3333333333333333,0.4714045207910317,0.0,0.0,1.0,0.0,0.3333333333333333,0.4714045207910317,145.66666666666666,103.00188779284042,1.0
TAO_TRAIN_GT_CONTROLLED_HELDOUT,WITHOUT_ADAPTER,A0_RAW,1.0,1,3,4,0.4025764895330113,0.28466456569506743,0.20833333333333334,0.29462782549439476,0.0,0.0,0.3886397608370702,0.2431009860581553,0.0,0.0,0.3333333333333333,0.4714045207910317,0.0,0.0,0.6666666666666666,0.4714045207910317,0.0,0.0,1.0,0.0,0.6666666666666666,0.4714045207910317,72.66666666666667,102.76618553244491,1.0
TAO_TRAIN_GT_CONTROLLED_HELDOUT,WITHOUT_ADAPTER,A0_RAW,1.0,2,3,4,0.2222222222222222,0.27754313411053966,0.4166666666666667,0.2946278254943948,0.03183534390570847,0.045021975114264576,0.2361733931240658,0.23656095803958355,0.0,0.0,0.6666666666666666,0.4714045207910317,0.0,0.0,0.3333333333333333,0.4714045207910317,0.0,0.0,1.0,0.0,0.3385416666666667,0.4677651691524522,140.75,99.68345733704598,1.0
TAO_TRAIN_GT_CONTROLLED_HELDOUT,WITHOUT_ADAPTER,A0_RAW,1.0,4,3,4,0.21095008051529793,0.29491908453228455,0.4166666666666667,0.2946278254943948,0.003159694967212507,0.004468483475593939,0.22571001494768314,0.2526202668968387,0.0,0.0,0.6666666666666666,0.4714045207910317,0.0,0.0,0.3333333333333333,0.4714045207910317,0.0,0.0,1.0,0.0,0.3333333333333333,0.4714045207910317,145.33333333333334,102.76618553244491,1.0
TAO_TRAIN_GT_CONTROLLED_HELDOUT,WITHOUT_ADAPTER,A0_RAW,1.0,8,3,4,0.21095008051529793,0.2983284648484307,0.4166666666666667,0.2946278254943948,0.0,0.0,0.22571001494768314,0.2557845157655374,0.0,0.0,0.6666666666666666,0.4714045207910317,0.0,0.0,0.3333333333333333,0.4714045207910317,0.0,0.0,1.0,0.0,0.3333333333333333,0.4714045207910317,145.33333333333334,102.76618553244491,1.0
TAO_TRAIN_GT_CONTROLLED_HELDOUT,WITHOUT_ADAPTER,A0_RAW,1.0,16,3,4,0.21256038647342992,0.30060578137399124,0.4166666666666667,0.2946278254943948,0.0,0.0,0.22720478325859494,0.25789843738343443,0.0,0.0,0.6666666666666666,0.4714045207910317,0.0,0.0,0.3333333333333333,0.4714045207910317,0.0,0.0,1.0,0.0,0.3333333333333333,0.4714045207910317,145.66666666666666,103.00188779284042,1.0
TAO_TRAIN_GT_CONTROLLED_HELDOUT,WITHOUT_TEMPORAL,A1_SELECTED,0.5,1,3,4,0.4460547504025765,0.31679265531250234,0.20833333333333334,0.29462782549439476,0.0,0.0,0.4289985052316891,0.2730234317836099,0.0,0.0,0.3333333333333333,0.4714045207910317,0.0,0.0,0.6666666666666666,0.4714045207910317,0.0,0.0,1.0,0.0,0.6666666666666666,0.4714045207910317,72.5,102.5304832720494,0.9955156950672647
TAO_TRAIN_GT_CONTROLLED_HELDOUT,WITHOUT_TEMPORAL,A1_SELECTED,0.5,2,3,4,0.4669887278582931,0.3307993330784885,0.20833333333333334,0.29462782549439476,0.0,0.0,0.4484304932735426,0.28596601598967103,0.0,0.0,0.3333333333333333,0.4714045207910317,0.0,0.0,0.6666666666666666,0.4714045207910317,0.0,0.0,1.0,0.0,0.6666666666666666,0.4714045207910317,69.41666666666667,98.16999145473234,0.9813153961136024
TAO_TRAIN_GT_CONTROLLED_HELDOUT,WITHOUT_TEMPORAL,A1_SELECTED,0.5,4,3,4,0.4943639291465378,0.3498405908247255,0.20833333333333334,0.29462782549439476,0.0,0.0,0.47384155455904337,0.30361831659141514,0.0,0.0,0.3333333333333333,0.4714045207910317,0.0,0.0,0.6666666666666666,0.4714045207910317,0.0,0.0,1.0,0.0,0.6666666666666666,0.4714045207910317,64.33333333333333,90.98107251266912,0.9588938714499253
TAO_TRAIN_GT_CONTROLLED_HELDOUT,WITHOUT_TEMPORAL,A1_SELECTED,0.5,8,3,4,0.5120772946859903,0.36209332756412577,0.20833333333333334,0.29462782549439476,0.0,0.0,0.4902840059790732,0.3149743210666534,0.0,0.0,0.3333333333333333,0.4714045207910317,0.0,0.0,0.6666666666666666,0.4714045207910317,0.0,0.0,1.0,0.0,0.6666666666666666,0.4714045207910317,67.66666666666667,95.69511772057942,0.9742152466367714
TAO_TRAIN_GT_CONTROLLED_HELDOUT,WITHOUT_TEMPORAL,A1_SELECTED,0.5,16,3,4,0.5152979066022544,0.36445603345400107,0.20833333333333334,0.29462782549439476,0.0,0.0,0.4932735426008969,0.3171727882780232,0.0,0.0,0.30952380952380953,0.43773276930595795,0.0,0.0,0.6666666666666666,0.4714045207910317,0.023809523809523808,0.03367175148507369,0.9761904761904763,0.033671751485073675,0.6666666666666666,0.4714045207910317,59.166666666666664,83.67430244040813,0.9360986547085202
TAO_TRAIN_GT_CONTROLLED_HELDOUT,WITHOUT_TEMPORAL,A1_SELECTED,0.75,1,3,4,0.4460547504025765,0.31679265531250234,0.20833333333333334,0.29462782549439476,0.0,0.0,0.4289985052316891,0.2730234317836099,0.0,0.0,0.3333333333333333,0.4714045207910317,0.0,0.0,0.6666666666666666,0.4714045207910317,0.0,0.0,1.0,0.0,0.6666666666666666,0.4714045207910317,72.5,102.5304832720494,0.9955156950672647
TAO_TRAIN_GT_CONTROLLED_HELDOUT,WITHOUT_TEMPORAL,A1_SELECTED,0.75,2,3,4,0.4669887278582931,0.3307993330784885,0.20833333333333334,0.29462782549439476,0.0,0.0,0.4484304932735426,0.28596601598967103,0.0,0.0,0.3333333333333333,0.4714045207910317,0.0,0.0,0.6666666666666666,0.4714045207910317,0.0,0.0,1.0,0.0,0.6666666666666666,0.4714045207910317,69.41666666666667,98.16999145473234,0.9813153961136024
TAO_TRAIN_GT_CONTROLLED_HELDOUT,WITHOUT_TEMPORAL,A1_SELECTED,0.75,4,3,4,0.4943639291465378,0.3498405908247255,0.20833333333333334,0.29462782549439476,0.0,0.0,0.47384155455904337,0.30361831659141514,0.0,0.0,0.3333333333333333,0.4714045207910317,0.0,0.0,0.6666666666666666,0.4714045207910317,0.0,0.0,1.0,0.0,0.6666666666666666,0.4714045207910317,64.33333333333333,90.98107251266912,0.9588938714499253
TAO_TRAIN_GT_CONTROLLED_HELDOUT,WITHOUT_TEMPORAL,A1_SELECTED,0.75,8,3,4,0.5120772946859903,0.36209332756412577,0.20833333333333334,0.29462782549439476,0.0,0.0,0.4902840059790732,0.3149743210666534,0.0,0.0,0.3333333333333333,0.4714045207910317,0.0,0.0,0.6666666666666666,0.4714045207910317,0.0,0.0,1.0,0.0,0.6666666666666666,0.4714045207910317,67.66666666666667,95.69511772057942,0.9742152466367714
TAO_TRAIN_GT_CONTROLLED_HELDOUT,WITHOUT_TEMPORAL,A1_SELECTED,0.75,16,3,4,0.5152979066022544,0.36445603345400107,0.20833333333333334,0.29462782549439476,0.0,0.0,0.4932735426008969,0.3171727882780232,0.0,0.0,0.30952380952380953,0.43773276930595795,0.0,0.0,0.6666666666666666,0.4714045207910317,0.023809523809523808,0.03367175148507369,0.9761904761904763,0.033671751485073675,0.6666666666666666,0.4714045207910317,59.166666666666664,83.67430244040813,0.9360986547085202
TAO_TRAIN_GT_CONTROLLED_HELDOUT,WITHOUT_TEMPORAL,A1_SELECTED,1.0,1,3,4,0.4460547504025765,0.31679265531250234,0.20833333333333334,0.29462782549439476,0.0,0.0,0.4289985052316891,0.2730234317836099,0.0,0.0,0.3333333333333333,0.4714045207910317,0.0,0.0,0.6666666666666666,0.4714045207910317,0.0,0.0,1.0,0.0,0.6666666666666666,0.4714045207910317,72.5,102.5304832720494,0.9955156950672647
TAO_TRAIN_GT_CONTROLLED_HELDOUT,WITHOUT_TEMPORAL,A1_SELECTED,1.0,2,3,4,0.4669887278582931,0.3307993330784885,0.20833333333333334,0.29462782549439476,0.0,0.0,0.4484304932735426,0.28596601598967103,0.0,0.0,0.3333333333333333,0.4714045207910317,0.0,0.0,0.6666666666666666,0.4714045207910317,0.0,0.0,1.0,0.0,0.6666666666666666,0.4714045207910317,69.41666666666667,98.16999145473234,0.9813153961136024
TAO_TRAIN_GT_CONTROLLED_HELDOUT,WITHOUT_TEMPORAL,A1_SELECTED,1.0,4,3,4,0.4943639291465378,0.3498405908247255,0.20833333333333334,0.29462782549439476,0.0,0.0,0.47384155455904337,0.30361831659141514,0.0,0.0,0.3333333333333333,0.4714045207910317,0.0,0.0,0.6666666666666666,0.4714045207910317,0.0,0.0,1.0,0.0,0.6666666666666666,0.4714045207910317,64.33333333333333,90.98107251266912,0.9588938714499253
TAO_TRAIN_GT_CONTROLLED_HELDOUT,WITHOUT_TEMPORAL,A1_SELECTED,1.0,8,3,4,0.5120772946859903,0.36209332756412577,0.20833333333333334,0.29462782549439476,0.0,0.0,0.4902840059790732,0.3149743210666534,0.0,0.0,0.3333333333333333,0.4714045207910317,0.0,0.0,0.6666666666666666,0.4714045207910317,0.0,0.0,1.0,0.0,0.6666666666666666,0.4714045207910317,67.66666666666667,95.69511772057942,0.9742152466367714
TAO_TRAIN_GT_CONTROLLED_HELDOUT,WITHOUT_TEMPORAL,A1_SELECTED,1.0,16,3,4,0.5152979066022544,0.36445603345400107,0.20833333333333334,0.29462782549439476,0.0,0.0,0.4932735426008969,0.3171727882780232,0.0,0.0,0.30952380952380953,0.43773276930595795,0.0,0.0,0.6666666666666666,0.4714045207910317,0.023809523809523808,0.03367175148507369,0.9761904761904763,0.033671751485073675,0.6666666666666666,0.4714045207910317,59.166666666666664,83.67430244040813,0.9360986547085202
TAO_TRAIN_GT_CONTROLLED_HELDOUT,WITHOUT_RELIABILITY,A2_EVIDENCE,0.5,1,3,4,0.4476650563607085,0.3189950665927226,0.20833333333333334,0.29462782549439476,0.0,0.0,0.430493273542601,0.2751429575704577,0.0,0.0,0.3333333333333333,0.4714045207910317,0.0,0.0,0.6666666666666666,0.4714045207910317,0.0,0.0,1.0,0.0,0.6666666666666666,0.4714045207910317,72.5,102.5304832720494,0.9955156950672647
TAO_TRAIN_GT_CONTROLLED_HELDOUT,WITHOUT_RELIABILITY,A2_EVIDENCE,0.5,2,3,4,0.47181964573268925,0.33409871132800534,0.20833333333333334,0.29462782549439476,0.0,0.0,0.452914798206278,0.2890203236649689,0.0,0.0,0.3333333333333333,0.4714045207910317,0.0,0.0,0.6666666666666666,0.4714045207910317,0.0,0.0,1.0,0.0,0.6666666666666666,0.4714045207910317,69.41666666666667,98.16999145473234,0.9813153961136024
TAO_TRAIN_GT_CONTROLLED_HELDOUT,WITHOUT_RELIABILITY,A2_EVIDENCE,0.5,4,3,4,0.4911433172302737,0.34743074090807435,0.20833333333333334,0.29462782549439476,0.0,0.0,0.47085201793721976,0.30137287225195747,0.0,0.0,0.3333333333333333,0.4714045207910317,0.0,0.0,0.6666666666666666,0.4714045207910317,0.0,0.0,1.0,0.0,0.6666666666666666,0.4714045207910317,64.33333333333333,90.98107251266912,0.9588938714499253
TAO_TRAIN_GT_CONTROLLED_HELDOUT,WITHOUT_RELIABILITY,A2_EVIDENCE,0.5,8,3,4,0.5104669887278583,0.361003157800188,0.20833333333333334,0.29462782549439476,0.0,0.0,0.48878923766816146,0.31396540025496494,0.0,0.0,0.30952380952380953,0.43773276930595795,0.0,0.0,0.6666666666666666,0.4714045207910317,0.023809523809523808,0.03367175148507369,0.9761904761904763,0.033671751485073675,0.6666666666666666,0.4714045207910317,60.166666666666664,85.08851600278122,0.9405829596412557
TAO_TRAIN_GT_CONTROLLED_HELDOUT,WITHOUT_RELIABILITY,A2_EVIDENCE,0.5,16,3,4,0.5169082125603864,0.36564229898104195,0.20833333333333334,0.29462782549439476,0.0,0.0,0.4947683109118087,0.31827685741708245,0.0,0.0,0.3002645502645503,0.4246381992839849,0.0,0.0,0.6666666666666666,0.4714045207910317,0.03306878306878307,0.04676632150704679,0.9669312169312169,0.046766321507046786,0.6666666666666666,0.4714045207910317,54.416666666666664,76.95678801913593,0.9151718983557547
TAO_TRAIN_GT_CONTROLLED_HELDOUT,WITHOUT_RELIABILITY,A2_EVIDENCE,0.75,1,3,4,0.4476650563607085,0.3189950665927226,0.20833333333333334,0.29462782549439476,0.0,0.0,0.430493273542601,0.2751429575704577,0.0,0.0,0.3333333333333333,0.4714045207910317,0.0,0.0,0.6666666666666666,0.4714045207910317,0.0,0.0,1.0,0.0,0.6666666666666666,0.4714045207910317,72.5,102.5304832720494,0.9955156950672647
TAO_TRAIN_GT_CONTROLLED_HELDOUT,WITHOUT_RELIABILITY,A2_EVIDENCE,0.75,2,3,4,0.47181964573268925,0.33409871132800534,0.20833333333333334,0.29462782549439476,0.0,0.0,0.452914798206278,0.2890203236649689,0.0,0.0,0.3333333333333333,0.4714045207910317,0.0,0.0,0.6666666666666666,0.4714045207910317,0.0,0.0,1.0,0.0,0.6666666666666666,0.4714045207910317,69.41666666666667,98.16999145473234,0.9813153961136024
TAO_TRAIN_GT_CONTROLLED_HELDOUT,WITHOUT_RELIABILITY,A2_EVIDENCE,0.75,4,3,4,0.4911433172302737,0.34743074090807435,0.20833333333333334,0.29462782549439476,0.0,0.0,0.47085201793721976,0.30137287225195747,0.0,0.0,0.3333333333333333,0.4714045207910317,0.0,0.0,0.6666666666666666,0.4714045207910317,0.0,0.0,1.0,0.0,0.6666666666666666,0.4714045207910317,64.33333333333333,90.98107251266912,0.9588938714499253
TAO_TRAIN_GT_CONTROLLED_HELDOUT,WITHOUT_RELIABILITY,A2_EVIDENCE,0.75,8,3,4,0.5104669887278583,0.361003157800188,0.20833333333333334,0.29462782549439476,0.0,0.0,0.48878923766816146,0.31396540025496494,0.0,0.0,0.30952380952380953,0.43773276930595795,0.0,0.0,0.6666666666666666,0.4714045207910317,0.023809523809523808,0.03367175148507369,0.9761904761904763,0.033671751485073675,0.6666666666666666,0.4714045207910317,60.166666666666664,85.08851600278122,0.9405829596412557
TAO_TRAIN_GT_CONTROLLED_HELDOUT,WITHOUT_RELIABILITY,A2_EVIDENCE,0.75,16,3,4,0.5169082125603864,0.36564229898104195,0.20833333333333334,0.29462782549439476,0.0,0.0,0.4947683109118087,0.31827685741708245,0.0,0.0,0.3002645502645503,0.4246381992839849,0.0,0.0,0.6666666666666666,0.4714045207910317,0.03306878306878307,0.04676632150704679,0.9669312169312169,0.046766321507046786,0.6666666666666666,0.4714045207910317,54.416666666666664,76.95678801913593,0.9151718983557547
TAO_TRAIN_GT_CONTROLLED_HELDOUT,WITHOUT_RELIABILITY,A2_EVIDENCE,1.0,1,3,4,0.4476650563607085,0.3189950665927226,0.20833333333333334,0.29462782549439476,0.0,0.0,0.430493273542601,0.2751429575704577,0.0,0.0,0.3333333333333333,0.4714045207910317,0.0,0.0,0.6666666666666666,0.4714045207910317,0.0,0.0,1.0,0.0,0.6666666666666666,0.4714045207910317,72.5,102.5304832720494,0.9955156950672647
TAO_TRAIN_GT_CONTROLLED_HELDOUT,WITHOUT_RELIABILITY,A2_EVIDENCE,1.0,2,3,4,0.47181964573268925,0.33409871132800534,0.20833333333333334,0.29462782549439476,0.0,0.0,0.452914798206278,0.2890203236649689,0.0,0.0,0.3333333333333333,0.4714045207910317,0.0,0.0,0.6666666666666666,0.4714045207910317,0.0,0.0,1.0,0.0,0.6666666666666666,0.4714045207910317,69.41666666666667,98.16999145473234,0.9813153961136024
TAO_TRAIN_GT_CONTROLLED_HELDOUT,WITHOUT_RELIABILITY,A2_EVIDENCE,1.0,4,3,4,0.4911433172302737,0.34743074090807435,0.20833333333333334,0.29462782549439476,0.0,0.0,0.47085201793721976,0.30137287225195747,0.0,0.0,0.3333333333333333,0.4714045207910317,0.0,0.0,0.6666666666666666,0.4714045207910317,0.0,0.0,1.0,0.0,0.6666666666666666,0.4714045207910317,64.33333333333333,90.98107251266912,0.9588938714499253
TAO_TRAIN_GT_CONTROLLED_HELDOUT,WITHOUT_RELIABILITY,A2_EVIDENCE,1.0,8,3,4,0.5104669887278583,0.361003157800188,0.20833333333333334,0.29462782549439476,0.0,0.0,0.48878923766816146,0.31396540025496494,0.0,0.0,0.30952380952380953,0.43773276930595795,0.0,0.0,0.6666666666666666,0.4714045207910317,0.023809523809523808,0.03367175148507369,0.9761904761904763,0.033671751485073675,0.6666666666666666,0.4714045207910317,60.166666666666664,85.08851600278122,0.9405829596412557
TAO_TRAIN_GT_CONTROLLED_HELDOUT,WITHOUT_RELIABILITY,A2_EVIDENCE,1.0,16,3,4,0.5169082125603864,0.36564229898104195,0.20833333333333334,0.29462782549439476,0.0,0.0,0.4947683109118087,0.31827685741708245,0.0,0.0,0.3002645502645503,0.4246381992839849,0.0,0.0,0.6666666666666666,0.4714045207910317,0.03306878306878307,0.04676632150704679,0.9669312169312169,0.046766321507046786,0.6666666666666666,0.4714045207910317,54.416666666666664,76.95678801913593,0.9151718983557547
TAO_TRAIN_GT_CONTROLLED_HELDOUT,WITHOUT_WAIT,A2_EVIDENCE,0.5,1,3,4,0.44605475040257647,0.31762647222298745,0.20833333333333334,0.29462782549439476,0.0,0.0,0.4289985052316891,0.27385689345491004,0.0,0.0,0.3333333333333333,0.4714045207910317,0.0,0.0,0.6666666666666666,0.4714045207910317,0.0,0.0,1.0,0.0,0.6666666666666666,0.4714045207910317,72.66666666666667,102.76618553244491,1.0
TAO_TRAIN_GT_CONTROLLED_HELDOUT,WITHOUT_WAIT,A2_EVIDENCE,0.5,2,3,4,0.4669887278582931,0.33105791395701945,0.20833333333333334,0.29462782549439476,0.0,0.0,0.44843049327354256,0.28622373806695867,0.0,0.0,0.3333333333333333,0.4714045207910317,0.0,0.0,0.6666666666666666,0.4714045207910317,0.0,0.0,1.0,0.0,0.6666666666666666,0.4714045207910317,72.66666666666667,102.76618553244491,1.0
TAO_TRAIN_GT_CONTROLLED_HELDOUT,WITHOUT_WAIT,A2_EVIDENCE,0.5,4,3,4,0.48953301127214166,0.3463543144926022,0.20833333333333334,0.29462782549439476,0.0,0.0,0.4693572496263079,0.3003777739316087,0.0,0.0,0.3333333333333333,0.4714045207910317,0.0,0.0,0.6666666666666666,0.4714045207910317,0.0,0.0,1.0,0.0,0.6666666666666666,0.4714045207910317,72.66666666666667,102.76618553244491,1.0
TAO_TRAIN_GT_CONTROLLED_HELDOUT,WITHOUT_WAIT,A2_EVIDENCE,0.5,8,3,4,0.5072463768115942,0.3586827749170053,0.20833333333333334,0.29462782549439476,0.0,0.0,0.4857997010463378,0.3118088129704859,0.0,0.0,0.3333333333333333,0.4714045207910317,0.0,0.0,0.6666666666666666,0.4714045207910317,0.0,0.0,1.0,0.0,0.6666666666666666,0.4714045207910317,72.66666666666667,102.76618553244491,1.0
TAO_TRAIN_GT_CONTROLLED_HELDOUT,WITHOUT_WAIT,A2_EVIDENCE,0.5,16,3,4,0.5120772946859904,0.3622866330290372,0.20833333333333334,0.29462782549439476,0.0,0.0,0.49028400597907323,0.3151657926802619,0.0,0.0,0.3333333333333333,0.4714045207910317,0.0,0.0,0.6666666666666666,0.4714045207910317,0.0,0.0,1.0,0.0,0.6666666666666666,0.4714045207910317,72.83333333333333,103.00188779284044,1.0
TAO_TRAIN_GT_CONTROLLED_HELDOUT,WITHOUT_WAIT,A2_EVIDENCE,0.75,1,3,4,0.44605475040257647,0.31762647222298745,0.20833333333333334,0.29462782549439476,0.0,0.0,0.4289985052316891,0.27385689345491004,0.0,0.0,0.3333333333333333,0.4714045207910317,0.0,0.0,0.6666666666666666,0.4714045207910317,0.0,0.0,1.0,0.0,0.6666666666666666,0.4714045207910317,72.66666666666667,102.76618553244491,1.0
TAO_TRAIN_GT_CONTROLLED_HELDOUT,WITHOUT_WAIT,A2_EVIDENCE,0.75,2,3,4,0.4669887278582931,0.33105791395701945,0.20833333333333334,0.29462782549439476,0.0,0.0,0.44843049327354256,0.28622373806695867,0.0,0.0,0.3333333333333333,0.4714045207910317,0.0,0.0,0.6666666666666666,0.4714045207910317,0.0,0.0,1.0,0.0,0.6666666666666666,0.4714045207910317,72.66666666666667,102.76618553244491,1.0
TAO_TRAIN_GT_CONTROLLED_HELDOUT,WITHOUT_WAIT,A2_EVIDENCE,0.75,4,3,4,0.48953301127214166,0.3463543144926022,0.20833333333333334,0.29462782549439476,0.0,0.0,0.4693572496263079,0.3003777739316087,0.0,0.0,0.3333333333333333,0.4714045207910317,0.0,0.0,0.6666666666666666,0.4714045207910317,0.0,0.0,1.0,0.0,0.6666666666666666,0.4714045207910317,72.66666666666667,102.76618553244491,1.0
TAO_TRAIN_GT_CONTROLLED_HELDOUT,WITHOUT_WAIT,A2_EVIDENCE,0.75,8,3,4,0.5072463768115942,0.3586827749170053,0.20833333333333334,0.29462782549439476,0.0,0.0,0.4857997010463378,0.3118088129704859,0.0,0.0,0.3333333333333333,0.4714045207910317,0.0,0.0,0.6666666666666666,0.4714045207910317,0.0,0.0,1.0,0.0,0.6666666666666666,0.4714045207910317,72.66666666666667,102.76618553244491,1.0
TAO_TRAIN_GT_CONTROLLED_HELDOUT,WITHOUT_WAIT,A2_EVIDENCE,0.75,16,3,4,0.5120772946859904,0.3622866330290372,0.20833333333333334,0.29462782549439476,0.0,0.0,0.49028400597907323,0.3151657926802619,0.0,0.0,0.3333333333333333,0.4714045207910317,0.0,0.0,0.6666666666666666,0.4714045207910317,0.0,0.0,1.0,0.0,0.6666666666666666,0.4714045207910317,72.83333333333333,103.00188779284044,1.0
TAO_TRAIN_GT_CONTROLLED_HELDOUT,WITHOUT_WAIT,A2_EVIDENCE,1.0,1,3,4,0.44605475040257647,0.31762647222298745,0.20833333333333334,0.29462782549439476,0.0,0.0,0.4289985052316891,0.27385689345491004,0.0,0.0,0.3333333333333333,0.4714045207910317,0.0,0.0,0.6666666666666666,0.4714045207910317,0.0,0.0,1.0,0.0,0.6666666666666666,0.4714045207910317,72.66666666666667,102.76618553244491,1.0
TAO_TRAIN_GT_CONTROLLED_HELDOUT,WITHOUT_WAIT,A2_EVIDENCE,1.0,2,3,4,0.4669887278582931,0.33105791395701945,0.20833333333333334,0.29462782549439476,0.0,0.0,0.44843049327354256,0.28622373806695867,0.0,0.0,0.3333333333333333,0.4714045207910317,0.0,0.0,0.6666666666666666,0.4714045207910317,0.0,0.0,1.0,0.0,0.6666666666666666,0.4714045207910317,72.66666666666667,102.76618553244491,1.0
TAO_TRAIN_GT_CONTROLLED_HELDOUT,WITHOUT_WAIT,A2_EVIDENCE,1.0,4,3,4,0.48953301127214166,0.3463543144926022,0.20833333333333334,0.29462782549439476,0.0,0.0,0.4693572496263079,0.3003777739316087,0.0,0.0,0.3333333333333333,0.4714045207910317,0.0,0.0,0.6666666666666666,0.4714045207910317,0.0,0.0,1.0,0.0,0.6666666666666666,0.4714045207910317,72.66666666666667,102.76618553244491,1.0
TAO_TRAIN_GT_CONTROLLED_HELDOUT,WITHOUT_WAIT,A2_EVIDENCE,1.0,8,3,4,0.5072463768115942,0.3586827749170053,0.20833333333333334,0.29462782549439476,0.0,0.0,0.4857997010463378,0.3118088129704859,0.0,0.0,0.3333333333333333,0.4714045207910317,0.0,0.0,0.6666666666666666,0.4714045207910317,0.0,0.0,1.0,0.0,0.6666666666666666,0.4714045207910317,72.66666666666667,102.76618553244491,1.0
TAO_TRAIN_GT_CONTROLLED_HELDOUT,WITHOUT_WAIT,A2_EVIDENCE,1.0,16,3,4,0.5120772946859904,0.3622866330290372,0.20833333333333334,0.29462782549439476,0.0,0.0,0.49028400597907323,0.3151657926802619,0.0,0.0,0.3333333333333333,0.4714045207910317,0.0,0.0,0.6666666666666666,0.4714045207910317,0.0,0.0,1.0,0.0,0.6666666666666666,0.4714045207910317,72.83333333333333,103.00188779284044,1.0
TAO_TRAIN_GT_CONTROLLED_HELDOUT,WITHOUT_MEMORY,A2_EVIDENCE,0.5,1,3,4,0.44605475040257647,0.31762647222298745,0.08333333333333333,0.11785113019775792,0.0,0.0,0.42002989536621826,0.2864422295018808,0.0,0.0,0.0,0.0,0.2738095238095238,0.38722514207834746,0.6666666666666666,0.4714045207910317,0.059523809523809514,0.08417937871268422,0.9404761904761904,0.08417937871268424,0.6666666666666666,0.4714045207910317,0.0,0.0,0.7742899850523169
TAO_TRAIN_GT_CONTROLLED_HELDOUT,WITHOUT_MEMORY,A2_EVIDENCE,0.5,2,3,4,0.4669887278582931,0.33105791395701945,0.0625,0.08838834764831845,0.0,0.0,0.43796711509715996,0.3009796818810935,0.0,0.0,0.0,0.0,0.13756613756613756,0.19454789746931464,0.6666666666666666,0.4714045207910317,0.19576719576719578,0.27685662332171707,0.8042328042328042,0.27685662332171707,0.6666666666666666,0.4714045207910317,0.0,0.0,0.7115097159940209
TAO_TRAIN_GT_CONTROLLED_HELDOUT,WITHOUT_MEMORY,A2_EVIDENCE,0.5,4,3,4,0.48953301127214166,0.3463543144926022,0.041666666666666664,0.05892556509887896,0.0,0.0,0.45739910313901344,0.31727843858849736,0.0,0.0,0.0,0.0,0.11904761904761905,0.16835875742536846,0.6666666666666666,0.4714045207910317,0.21428571428571427,0.3030457633656632,0.7857142857142857,0.3030457633656632,0.6666666666666666,0.4714045207910317,0.0,0.0,0.6965620328849029
TAO_TRAIN_GT_CONTROLLED_HELDOUT,WITHOUT_MEMORY,A2_EVIDENCE,0.5,8,3,4,0.5072463768115942,0.3586827749170053,0.020833333333333332,0.02946278254943948,0.0,0.0,0.4723467862481316,0.3308337984694953,0.0,0.0,0.0,0.0,0.06084656084656084,0.0860500315729661,0.6666666666666666,0.4714045207910317,0.2724867724867725,0.38535448921806553,0.7275132275132276,0.3853544892180656,0.6666666666666666,0.4714045207910317,0.0,0.0,0.6860986547085202
TAO_TRAIN_GT_CONTROLLED_HELDOUT,WITHOUT_MEMORY,A2_EVIDENCE,0.5,16,3,4,0.5120772946859904,0.3622866330290372,0.020833333333333332,0.02946278254943948,0.0,0.0,0.4768310911808669,0.3341801867014973,0.0,0.0,0.0,0.0,0.06084656084656084,0.0860500315729661,0.6666666666666666,0.4714045207910317,0.2724867724867725,0.38535448921806553,0.7275132275132276,0.3853544892180656,0.6666666666666666,0.4714045207910317,0.0,0.0,0.6846038863976084
TAO_TRAIN_GT_CONTROLLED_HELDOUT,WITHOUT_MEMORY,A2_EVIDENCE,0.75,1,3,4,0.44605475040257647,0.31762647222298745,0.08333333333333333,0.11785113019775792,0.0,0.0,0.42002989536621826,0.2864422295018808,0.0,0.0,0.0,0.0,0.2738095238095238,0.38722514207834746,0.6666666666666666,0.4714045207910317,0.059523809523809514,0.08417937871268422,0.9404761904761904,0.08417937871268424,0.6666666666666666,0.4714045207910317,0.0,0.0,0.7742899850523169
TAO_TRAIN_GT_CONTROLLED_HELDOUT,WITHOUT_MEMORY,A2_EVIDENCE,0.75,2,3,4,0.4669887278582931,0.33105791395701945,0.0625,0.08838834764831845,0.0,0.0,0.43796711509715996,0.3009796818810935,0.0,0.0,0.0,0.0,0.13756613756613756,0.19454789746931464,0.6666666666666666,0.4714045207910317,0.19576719576719578,0.27685662332171707,0.8042328042328042,0.27685662332171707,0.6666666666666666,0.4714045207910317,0.0,0.0,0.7115097159940209
TAO_TRAIN_GT_CONTROLLED_HELDOUT,WITHOUT_MEMORY,A2_EVIDENCE,0.75,4,3,4,0.48953301127214166,0.3463543144926022,0.041666666666666664,0.05892556509887896,0.0,0.0,0.45739910313901344,0.31727843858849736,0.0,0.0,0.0,0.0,0.11904761904761905,0.16835875742536846,0.6666666666666666,0.4714045207910317,0.21428571428571427,0.3030457633656632,0.7857142857142857,0.3030457633656632,0.6666666666666666,0.4714045207910317,0.0,0.0,0.6965620328849029
TAO_TRAIN_GT_CONTROLLED_HELDOUT,WITHOUT_MEMORY,A2_EVIDENCE,0.75,8,3,4,0.5072463768115942,0.3586827749170053,0.020833333333333332,0.02946278254943948,0.0,0.0,0.4723467862481316,0.3308337984694953,0.0,0.0,0.0,0.0,0.06084656084656084,0.0860500315729661,0.6666666666666666,0.4714045207910317,0.2724867724867725,0.38535448921806553,0.7275132275132276,0.3853544892180656,0.6666666666666666,0.4714045207910317,0.0,0.0,0.6860986547085202
TAO_TRAIN_GT_CONTROLLED_HELDOUT,WITHOUT_MEMORY,A2_EVIDENCE,0.75,16,3,4,0.5120772946859904,0.3622866330290372,0.020833333333333332,0.02946278254943948,0.0,0.0,0.4768310911808669,0.3341801867014973,0.0,0.0,0.0,0.0,0.06084656084656084,0.0860500315729661,0.6666666666666666,0.4714045207910317,0.2724867724867725,0.38535448921806553,0.7275132275132276,0.3853544892180656,0.6666666666666666,0.4714045207910317,0.0,0.0,0.6846038863976084
TAO_TRAIN_GT_CONTROLLED_HELDOUT,WITHOUT_MEMORY,A2_EVIDENCE,1.0,1,3,4,0.44605475040257647,0.31762647222298745,0.08333333333333333,0.11785113019775792,0.0,0.0,0.42002989536621826,0.2864422295018808,0.0,0.0,0.0,0.0,0.2738095238095238,0.38722514207834746,0.6666666666666666,0.4714045207910317,0.059523809523809514,0.08417937871268422,0.9404761904761904,0.08417937871268424,0.6666666666666666,0.4714045207910317,0.0,0.0,0.7742899850523169
TAO_TRAIN_GT_CONTROLLED_HELDOUT,WITHOUT_MEMORY,A2_EVIDENCE,1.0,2,3,4,0.4669887278582931,0.33105791395701945,0.0625,0.08838834764831845,0.0,0.0,0.43796711509715996,0.3009796818810935,0.0,0.0,0.0,0.0,0.13756613756613756,0.19454789746931464,0.6666666666666666,0.4714045207910317,0.19576719576719578,0.27685662332171707,0.8042328042328042,0.27685662332171707,0.6666666666666666,0.4714045207910317,0.0,0.0,0.7115097159940209
TAO_TRAIN_GT_CONTROLLED_HELDOUT,WITHOUT_MEMORY,A2_EVIDENCE,1.0,4,3,4,0.48953301127214166,0.3463543144926022,0.041666666666666664,0.05892556509887896,0.0,0.0,0.45739910313901344,0.31727843858849736,0.0,0.0,0.0,0.0,0.11904761904761905,0.16835875742536846,0.6666666666666666,0.4714045207910317,0.21428571428571427,0.3030457633656632,0.7857142857142857,0.3030457633656632,0.6666666666666666,0.4714045207910317,0.0,0.0,0.6965620328849029
TAO_TRAIN_GT_CONTROLLED_HELDOUT,WITHOUT_MEMORY,A2_EVIDENCE,1.0,8,3,4,0.5072463768115942,0.3586827749170053,0.020833333333333332,0.02946278254943948,0.0,0.0,0.4723467862481316,0.3308337984694953,0.0,0.0,0.0,0.0,0.06084656084656084,0.0860500315729661,0.6666666666666666,0.4714045207910317,0.2724867724867725,0.38535448921806553,0.7275132275132276,0.3853544892180656,0.6666666666666666,0.4714045207910317,0.0,0.0,0.6860986547085202
TAO_TRAIN_GT_CONTROLLED_HELDOUT,WITHOUT_MEMORY,A2_EVIDENCE,1.0,16,3,4,0.5120772946859904,0.3622866330290372,0.020833333333333332,0.02946278254943948,0.0,0.0,0.4768310911808669,0.3341801867014973,0.0,0.0,0.0,0.0,0.06084656084656084,0.0860500315729661,0.6666666666666666,0.4714045207910317,0.2724867724867725,0.38535448921806553,0.7275132275132276,0.3853544892180656,0.6666666666666666,0.4714045207910317,0.0,0.0,0.6846038863976084
TAO_TRAIN_GT_CONTROLLED_HELDOUT,WITHOUT_RISK,A2_EVIDENCE,0.5,1,3,4,0.4955716586151369,0.20485487483837886,0.0,0.0,0.0,0.0,0.4600149476831092,0.1901567672266566,0.0,0.0,0.0,0.0,0.0,0.0,0.6878306878306878,0.4414740750265217,0.31216931216931215,0.4414740750265218,0.6878306878306878,0.4414740750265217,0.6875,0.4419417382415922,0.0,0.0,0.7963378176382662
TAO_TRAIN_GT_CONTROLLED_HELDOUT,WITHOUT_RISK,A2_EVIDENCE,0.5,2,3,4,0.5430756843800322,0.20599095877060006,0.0,0.0,0.0,0.0,0.5041106128550075,0.19121133841037766,0.0,0.0,0.0,0.0,0.0,0.0,0.6878306878306878,0.4414740750265217,0.31216931216931215,0.4414740750265218,0.6878306878306878,0.4414740750265217,0.6875,0.4419417382415922,0.0,0.0,0.8901345291479821
TAO_TRAIN_GT_CONTROLLED_HELDOUT,WITHOUT_RISK,A2_EVIDENCE,0.5,4,3,4,0.5772946859903382,0.20154251251210772,0.0,0.0,0.0,0.0,0.5358744394618834,0.1870820631838848,0.0,0.0,0.0,0.0,0.0,0.0,0.7301587301587302,0.38161318349750184,0.2698412698412698,0.38161318349750184,0.7301587301587302,0.38161318349750184,0.7291666666666666,0.38301617314271325,0.0,0.0,0.9323617339312408
TAO_TRAIN_GT_CONTROLLED_HELDOUT,WITHOUT_RISK,A2_EVIDENCE,0.5,8,3,4,0.5974235104669887,0.23115604092227696,0.020833333333333332,0.02946278254943948,0.033808536108846814,0.047812490289111664,0.5560538116591929,0.2124570102194575,0.0,0.0,0.0,0.0,0.03042328042328042,0.04302501578648305,0.7513227513227513,0.3516827377329919,0.21825396825396826,0.30865772194650887,0.7817460317460317,0.30865772194650887,0.75,0.3535533905932738,0.0,0.0,0.9428251121076233
TAO_TRAIN_GT_CONTROLLED_HELDOUT,WITHOUT_RISK,A2_EVIDENCE,0.5,16,3,4,0.604669887278583,0.2347707906521574,0.041666666666666664,0.05892556509887896,0.057132161349745546,0.08079707742849809,0.5642750373692077,0.2137022112974638,0.0,0.0,0.0,0.0,0.06613756613756615,0.09353264301409359,0.7513227513227513,0.3516827377329919,0.18253968253968253,0.25815009471889827,0.8174603174603176,0.2581500947188983,0.75,0.3535533905932738,0.0,0.0,0.9510463378176383
TAO_TRAIN_GT_CONTROLLED_HELDOUT,WITHOUT_RISK,A2_EVIDENCE,0.75,1,3,4,0.4955716586151369,0.20485487483837886,0.0,0.0,0.0,0.0,0.4600149476831092,0.1901567672266566,0.0,0.0,0.0,0.0,0.0,0.0,0.6878306878306878,0.4414740750265217,0.31216931216931215,0.4414740750265218,0.6878306878306878,0.4414740750265217,0.6875,0.4419417382415922,0.0,0.0,0.7963378176382662
TAO_TRAIN_GT_CONTROLLED_HELDOUT,WITHOUT_RISK,A2_EVIDENCE,0.75,2,3,4,0.5430756843800322,0.20599095877060006,0.0,0.0,0.0,0.0,0.5041106128550075,0.19121133841037766,0.0,0.0,0.0,0.0,0.0,0.0,0.6878306878306878,0.4414740750265217,0.31216931216931215,0.4414740750265218,0.6878306878306878,0.4414740750265217,0.6875,0.4419417382415922,0.0,0.0,0.8901345291479821
TAO_TRAIN_GT_CONTROLLED_HELDOUT,WITHOUT_RISK,A2_EVIDENCE,0.75,4,3,4,0.5772946859903382,0.20154251251210772,0.0,0.0,0.0,0.0,0.5358744394618834,0.1870820631838848,0.0,0.0,0.0,0.0,0.0,0.0,0.7301587301587302,0.38161318349750184,0.2698412698412698,0.38161318349750184,0.7301587301587302,0.38161318349750184,0.7291666666666666,0.38301617314271325,0.0,0.0,0.9323617339312408
TAO_TRAIN_GT_CONTROLLED_HELDOUT,WITHOUT_RISK,A2_EVIDENCE,0.75,8,3,4,0.5974235104669887,0.23115604092227696,0.020833333333333332,0.02946278254943948,0.033808536108846814,0.047812490289111664,0.5560538116591929,0.2124570102194575,0.0,0.0,0.0,0.0,0.03042328042328042,0.04302501578648305,0.7513227513227513,0.3516827377329919,0.21825396825396826,0.30865772194650887,0.7817460317460317,0.30865772194650887,0.75,0.3535533905932738,0.0,0.0,0.9428251121076233
TAO_TRAIN_GT_CONTROLLED_HELDOUT,WITHOUT_RISK,A2_EVIDENCE,0.75,16,3,4,0.604669887278583,0.2347707906521574,0.041666666666666664,0.05892556509887896,0.057132161349745546,0.08079707742849809,0.5642750373692077,0.2137022112974638,0.0,0.0,0.0,0.0,0.06613756613756615,0.09353264301409359,0.7513227513227513,0.3516827377329919,0.18253968253968253,0.25815009471889827,0.8174603174603176,0.2581500947188983,0.75,0.3535533905932738,0.0,0.0,0.9510463378176383
TAO_TRAIN_GT_CONTROLLED_HELDOUT,WITHOUT_RISK,A2_EVIDENCE,1.0,1,3,4,0.5257648953301127,0.16227777897422788,0.046875,0.06629126073623882,0.06050808534631739,0.08557135492999078,0.4914050822122571,0.14589601083985768,0.0,0.0,0.0,0.0,0.06613756613756615,0.09353264301409359,0.9338624338624338,0.09353264301409363,0.0,0.0,1.0,0.0,0.953125,0.06629126073623882,0.0,0.0,1.0
TAO_TRAIN_GT_CONTROLLED_HELDOUT,WITHOUT_RISK,A2_EVIDENCE,1.0,2,3,4,0.573268921095008,0.16341233797065852,0.020833333333333332,0.02946278254943948,0.035150505416298654,0.04971032148399848,0.5336322869955157,0.14958142827673396,0.0,0.0,0.0,0.0,0.03042328042328042,0.04302501578648305,0.9695767195767195,0.04302501578648305,0.0,0.0,1.0,0.0,0.9791666666666666,0.02946278254943948,0.0,0.0,1.0
TAO_TRAIN_GT_CONTROLLED_HELDOUT,WITHOUT_RISK,A2_EVIDENCE,1.0,4,3,4,0.5925925925925926,0.17990800551928263,0.020833333333333332,0.02946278254943948,0.035082897476662926,0.04961470941884155,0.5515695067264574,0.16488588619596625,0.0,0.0,0.0,0.0,0.03042328042328042,0.04302501578648305,0.9695767195767195,0.04302501578648305,0.0,0.0,1.0,0.0,0.9791666666666666,0.02946278254943948,0.0,0.0,1.0
TAO_TRAIN_GT_CONTROLLED_HELDOUT,WITHOUT_RISK,A2_EVIDENCE,1.0,8,3,4,0.6183574879227053,0.20155216192740602,0.03125,0.04419417382415922,0.04792262122760166,0.06777282088454305,0.5762331838565022,0.1839202922624454,0.0,0.0,0.0,0.0,0.03968253968253968,0.05611958580845614,0.9603174603174603,0.05611958580845616,0.0,0.0,1.0,0.0,0.96875,0.04419417382415922,0.0,0.0,1.0
TAO_TRAIN_GT_CONTROLLED_HELDOUT,WITHOUT_RISK,A2_EVIDENCE,1.0,16,3,4,0.6199677938808374,0.21315731339800628,0.052083333333333336,0.07365695637359869,0.06917924986493737,0.09783423339379152,0.5792227204783259,0.1925845244788124,0.0,0.0,0.0,0.0,0.08994708994708994,0.1272043944991673,0.9100529100529101,0.1272043944991673,0.0,0.0,1.0,0.0,0.9166666666666666,0.11785113019775792,0.0,0.0,1.0
TAO_TRAIN_GT_CONTROLLED_HELDOUT,RESET_PER_VIDEO,A2_EVIDENCE,0.5,1,3,4,0.44605475040257647,0.31762647222298745,0.1875,0.2651650429449553,0.0,0.0,0.4275037369207773,0.27595382505281557,0.0,0.0,0.021164021164021163,0.029930445764509945,0.13624338624338625,0.19267724460903277,0.6666666666666666,0.4714045207910317,0.011904761904761904,0.016835875742536845,0.9880952380952381,0.016835875742536838,0.6666666666666666,0.4714045207910317,19.666666666666668,27.812866726670865,0.8415545590433483
TAO_TRAIN_GT_CONTROLLED_HELDOUT,RESET_PER_VIDEO,A2_EVIDENCE,0.5,2,3,4,0.4669887278582931,0.33105791395701945,0.16666666666666666,0.23570226039551584,0.0,0.0,0.44544095665171896,0.29043929103862665,0.0,0.0,0.021164021164021163,0.029930445764509945,0.08201058201058199,0.11598047733747603,0.6666666666666666,0.4714045207910317,0.13756613756613756,0.19454789746931464,0.8624338624338623,0.1945478974693147,0.6666666666666666,0.4714045207910317,11.333333333333334,16.027753706895076,0.7698056801195815
TAO_TRAIN_GT_CONTROLLED_HELDOUT,RESET_PER_VIDEO,A2_EVIDENCE,0.5,4,3,4,0.48953301127214166,0.3463543144926022,0.14583333333333334,0.20623947784607635,0.0,0.0,0.4648729446935725,0.3067153848413897,0.0,0.0,0.021164021164021163,0.029930445764509945,0.06349206349206349,0.08979133729352982,0.6666666666666666,0.4714045207910317,0.15608465608465608,0.2207370375132609,0.8439153439153438,0.22073703751326085,0.6666666666666666,0.4714045207910317,6.333333333333333,8.956685895029603,0.7219730941704036
TAO_TRAIN_GT_CONTROLLED_HELDOUT,RESET_PER_VIDEO,A2_EVIDENCE,0.5,8,3,4,0.5072463768115942,0.3586827749170053,0.08333333333333333,0.11785113019775792,0.0,0.0,0.47683109118086703,0.32449213260972176,0.0,0.0,0.0,0.0,0.042328042328042326,0.05986089152901989,0.6666666666666666,0.4714045207910317,0.23544973544973544,0.3329762091301731,0.7645502645502645,0.3329762091301732,0.6666666666666666,0.4714045207910317,5.666666666666667,8.013876853447538,0.710014947683109
TAO_TRAIN_GT_CONTROLLED_HELDOUT,RESET_PER_VIDEO,A2_EVIDENCE,0.5,16,3,4,0.5120772946859904,0.3622866330290372,0.125,0.1767766952966369,0.0,0.0,0.484304932735426,0.3236164762810532,0.0,0.0,0.0,0.0,0.042328042328042326,0.05986089152901989,0.6666666666666666,0.4714045207910317,0.1984126984126984,0.28059792904228076,0.8015873015873015,0.28059792904228076,0.6666666666666666,0.4714045207910317,5.666666666666667,8.013876853447538,0.710014947683109
TAO_TRAIN_GT_CONTROLLED_HELDOUT,RESET_PER_VIDEO,A2_EVIDENCE,0.75,1,3,4,0.44605475040257647,0.31762647222298745,0.1875,0.2651650429449553,0.0,0.0,0.4275037369207773,0.27595382505281557,0.0,0.0,0.021164021164021163,0.029930445764509945,0.13624338624338625,0.19267724460903277,0.6666666666666666,0.4714045207910317,0.011904761904761904,0.016835875742536845,0.9880952380952381,0.016835875742536838,0.6666666666666666,0.4714045207910317,19.666666666666668,27.812866726670865,0.8415545590433483
TAO_TRAIN_GT_CONTROLLED_HELDOUT,RESET_PER_VIDEO,A2_EVIDENCE,0.75,2,3,4,0.4669887278582931,0.33105791395701945,0.16666666666666666,0.23570226039551584,0.0,0.0,0.44544095665171896,0.29043929103862665,0.0,0.0,0.021164021164021163,0.029930445764509945,0.08201058201058199,0.11598047733747603,0.6666666666666666,0.4714045207910317,0.13756613756613756,0.19454789746931464,0.8624338624338623,0.1945478974693147,0.6666666666666666,0.4714045207910317,11.333333333333334,16.027753706895076,0.7698056801195815
TAO_TRAIN_GT_CONTROLLED_HELDOUT,RESET_PER_VIDEO,A2_EVIDENCE,0.75,4,3,4,0.48953301127214166,0.3463543144926022,0.14583333333333334,0.20623947784607635,0.0,0.0,0.4648729446935725,0.3067153848413897,0.0,0.0,0.021164021164021163,0.029930445764509945,0.06349206349206349,0.08979133729352982,0.6666666666666666,0.4714045207910317,0.15608465608465608,0.2207370375132609,0.8439153439153438,0.22073703751326085,0.6666666666666666,0.4714045207910317,6.333333333333333,8.956685895029603,0.7219730941704036
TAO_TRAIN_GT_CONTROLLED_HELDOUT,RESET_PER_VIDEO,A2_EVIDENCE,0.75,8,3,4,0.5072463768115942,0.3586827749170053,0.08333333333333333,0.11785113019775792,0.0,0.0,0.47683109118086703,0.32449213260972176,0.0,0.0,0.0,0.0,0.042328042328042326,0.05986089152901989,0.6666666666666666,0.4714045207910317,0.23544973544973544,0.3329762091301731,0.7645502645502645,0.3329762091301732,0.6666666666666666,0.4714045207910317,5.666666666666667,8.013876853447538,0.710014947683109
TAO_TRAIN_GT_CONTROLLED_HELDOUT,RESET_PER_VIDEO,A2_EVIDENCE,0.75,16,3,4,0.5120772946859904,0.3622866330290372,0.125,0.1767766952966369,0.0,0.0,0.484304932735426,0.3236164762810532,0.0,0.0,0.0,0.0,0.042328042328042326,0.05986089152901989,0.6666666666666666,0.4714045207910317,0.1984126984126984,0.28059792904228076,0.8015873015873015,0.28059792904228076,0.6666666666666666,0.4714045207910317,5.666666666666667,8.013876853447538,0.710014947683109
TAO_TRAIN_GT_CONTROLLED_HELDOUT,RESET_PER_VIDEO,A2_EVIDENCE,1.0,1,3,4,0.44605475040257647,0.31762647222298745,0.1875,0.2651650429449553,0.0,0.0,0.4275037369207773,0.27595382505281557,0.0,0.0,0.021164021164021163,0.029930445764509945,0.13624338624338625,0.19267724460903277,0.6666666666666666,0.4714045207910317,0.011904761904761904,0.016835875742536845,0.9880952380952381,0.016835875742536838,0.6666666666666666,0.4714045207910317,19.666666666666668,27.812866726670865,0.8415545590433483
TAO_TRAIN_GT_CONTROLLED_HELDOUT,RESET_PER_VIDEO,A2_EVIDENCE,1.0,2,3,4,0.4669887278582931,0.33105791395701945,0.16666666666666666,0.23570226039551584,0.0,0.0,0.44544095665171896,0.29043929103862665,0.0,0.0,0.021164021164021163,0.029930445764509945,0.08201058201058199,0.11598047733747603,0.6666666666666666,0.4714045207910317,0.13756613756613756,0.19454789746931464,0.8624338624338623,0.1945478974693147,0.6666666666666666,0.4714045207910317,11.333333333333334,16.027753706895076,0.7698056801195815
TAO_TRAIN_GT_CONTROLLED_HELDOUT,RESET_PER_VIDEO,A2_EVIDENCE,1.0,4,3,4,0.48953301127214166,0.3463543144926022,0.14583333333333334,0.20623947784607635,0.0,0.0,0.4648729446935725,0.3067153848413897,0.0,0.0,0.021164021164021163,0.029930445764509945,0.06349206349206349,0.08979133729352982,0.6666666666666666,0.4714045207910317,0.15608465608465608,0.2207370375132609,0.8439153439153438,0.22073703751326085,0.6666666666666666,0.4714045207910317,6.333333333333333,8.956685895029603,0.7219730941704036
TAO_TRAIN_GT_CONTROLLED_HELDOUT,RESET_PER_VIDEO,A2_EVIDENCE,1.0,8,3,4,0.5072463768115942,0.3586827749170053,0.08333333333333333,0.11785113019775792,0.0,0.0,0.47683109118086703,0.32449213260972176,0.0,0.0,0.0,0.0,0.042328042328042326,0.05986089152901989,0.6666666666666666,0.4714045207910317,0.23544973544973544,0.3329762091301731,0.7645502645502645,0.3329762091301732,0.6666666666666666,0.4714045207910317,5.666666666666667,8.013876853447538,0.710014947683109
TAO_TRAIN_GT_CONTROLLED_HELDOUT,RESET_PER_VIDEO,A2_EVIDENCE,1.0,16,3,4,0.5120772946859904,0.3622866330290372,0.125,0.1767766952966369,0.0,0.0,0.484304932735426,0.3236164762810532,0.0,0.0,0.0,0.0,0.042328042328042326,0.05986089152901989,0.6666666666666666,0.4714045207910317,0.1984126984126984,0.28059792904228076,0.8015873015873015,0.28059792904228076,0.6666666666666666,0.4714045207910317,5.666666666666667,8.013876853447538,0.710014947683109
TAO_TRAIN_GT_CONTROLLED_HELDOUT,FULL,A2_EVIDENCE,0.5,1,3,4,0.44605475040257647,0.31762647222298745,0.20833333333333334,0.29462782549439476,0.0,0.0,0.4289985052316891,0.27385689345491004,0.0,0.0,0.3333333333333333,0.4714045207910317,0.0,0.0,0.6666666666666666,0.4714045207910317,0.0,0.0,1.0,0.0,0.6666666666666666,0.4714045207910317,72.5,102.5304832720494,0.9955156950672647
TAO_TRAIN_GT_CONTROLLED_HELDOUT,FULL,A2_EVIDENCE,0.5,2,3,4,0.4669887278582931,0.33105791395701945,0.20833333333333334,0.29462782549439476,0.0,0.0,0.44843049327354256,0.28622373806695867,0.0,0.0,0.3333333333333333,0.4714045207910317,0.0,0.0,0.6666666666666666,0.4714045207910317,0.0,0.0,1.0,0.0,0.6666666666666666,0.4714045207910317,69.16666666666667,97.81643806413906,0.9801943198804185
TAO_TRAIN_GT_CONTROLLED_HELDOUT,FULL,A2_EVIDENCE,0.5,4,3,4,0.48953301127214166,0.3463543144926022,0.20833333333333334,0.29462782549439476,0.0,0.0,0.4693572496263079,0.3003777739316087,0.0,0.0,0.3333333333333333,0.4714045207910317,0.0,0.0,0.6666666666666666,0.4714045207910317,0.0,0.0,1.0,0.0,0.6666666666666666,0.4714045207910317,64.33333333333333,90.98107251266912,0.9588938714499253
TAO_TRAIN_GT_CONTROLLED_HELDOUT,FULL,A2_EVIDENCE,0.5,8,3,4,0.5072463768115942,0.3586827749170053,0.20833333333333334,0.29462782549439476,0.0,0.0,0.4857997010463378,0.3118088129704859,0.0,0.0,0.3333333333333333,0.4714045207910317,0.0,0.0,0.6666666666666666,0.4714045207910317,0.0,0.0,1.0,0.0,0.6666666666666666,0.4714045207910317,67.66666666666667,95.69511772057942,0.9742152466367714
TAO_TRAIN_GT_CONTROLLED_HELDOUT,FULL,A2_EVIDENCE,0.5,16,3,4,0.5120772946859904,0.3622866330290372,0.20833333333333334,0.29462782549439476,0.0,0.0,0.49028400597907323,0.3151657926802619,0.0,0.0,0.3002645502645503,0.4246381992839849,0.0,0.0,0.6666666666666666,0.4714045207910317,0.03306878306878307,0.04676632150704679,0.9669312169312169,0.046766321507046786,0.6666666666666666,0.4714045207910317,54.416666666666664,76.95678801913593,0.9151718983557547
TAO_TRAIN_GT_CONTROLLED_HELDOUT,FULL,A2_EVIDENCE,0.75,1,3,4,0.44605475040257647,0.31762647222298745,0.20833333333333334,0.29462782549439476,0.0,0.0,0.4289985052316891,0.27385689345491004,0.0,0.0,0.3333333333333333,0.4714045207910317,0.0,0.0,0.6666666666666666,0.4714045207910317,0.0,0.0,1.0,0.0,0.6666666666666666,0.4714045207910317,72.5,102.5304832720494,0.9955156950672647
TAO_TRAIN_GT_CONTROLLED_HELDOUT,FULL,A2_EVIDENCE,0.75,2,3,4,0.4669887278582931,0.33105791395701945,0.20833333333333334,0.29462782549439476,0.0,0.0,0.44843049327354256,0.28622373806695867,0.0,0.0,0.3333333333333333,0.4714045207910317,0.0,0.0,0.6666666666666666,0.4714045207910317,0.0,0.0,1.0,0.0,0.6666666666666666,0.4714045207910317,69.16666666666667,97.81643806413906,0.9801943198804185
TAO_TRAIN_GT_CONTROLLED_HELDOUT,FULL,A2_EVIDENCE,0.75,4,3,4,0.48953301127214166,0.3463543144926022,0.20833333333333334,0.29462782549439476,0.0,0.0,0.4693572496263079,0.3003777739316087,0.0,0.0,0.3333333333333333,0.4714045207910317,0.0,0.0,0.6666666666666666,0.4714045207910317,0.0,0.0,1.0,0.0,0.6666666666666666,0.4714045207910317,64.33333333333333,90.98107251266912,0.9588938714499253
TAO_TRAIN_GT_CONTROLLED_HELDOUT,FULL,A2_EVIDENCE,0.75,8,3,4,0.5072463768115942,0.3586827749170053,0.20833333333333334,0.29462782549439476,0.0,0.0,0.4857997010463378,0.3118088129704859,0.0,0.0,0.3333333333333333,0.4714045207910317,0.0,0.0,0.6666666666666666,0.4714045207910317,0.0,0.0,1.0,0.0,0.6666666666666666,0.4714045207910317,67.66666666666667,95.69511772057942,0.9742152466367714
TAO_TRAIN_GT_CONTROLLED_HELDOUT,FULL,A2_EVIDENCE,0.75,16,3,4,0.5120772946859904,0.3622866330290372,0.20833333333333334,0.29462782549439476,0.0,0.0,0.49028400597907323,0.3151657926802619,0.0,0.0,0.3002645502645503,0.4246381992839849,0.0,0.0,0.6666666666666666,0.4714045207910317,0.03306878306878307,0.04676632150704679,0.9669312169312169,0.046766321507046786,0.6666666666666666,0.4714045207910317,54.416666666666664,76.95678801913593,0.9151718983557547
TAO_TRAIN_GT_CONTROLLED_HELDOUT,FULL,A2_EVIDENCE,1.0,1,3,4,0.44605475040257647,0.31762647222298745,0.20833333333333334,0.29462782549439476,0.0,0.0,0.4289985052316891,0.27385689345491004,0.0,0.0,0.3333333333333333,0.4714045207910317,0.0,0.0,0.6666666666666666,0.4714045207910317,0.0,0.0,1.0,0.0,0.6666666666666666,0.4714045207910317,72.5,102.5304832720494,0.9955156950672647
TAO_TRAIN_GT_CONTROLLED_HELDOUT,FULL,A2_EVIDENCE,1.0,2,3,4,0.4669887278582931,0.33105791395701945,0.20833333333333334,0.29462782549439476,0.0,0.0,0.44843049327354256,0.28622373806695867,0.0,0.0,0.3333333333333333,0.4714045207910317,0.0,0.0,0.6666666666666666,0.4714045207910317,0.0,0.0,1.0,0.0,0.6666666666666666,0.4714045207910317,69.16666666666667,97.81643806413906,0.9801943198804185
TAO_TRAIN_GT_CONTROLLED_HELDOUT,FULL,A2_EVIDENCE,1.0,4,3,4,0.48953301127214166,0.3463543144926022,0.20833333333333334,0.29462782549439476,0.0,0.0,0.4693572496263079,0.3003777739316087,0.0,0.0,0.3333333333333333,0.4714045207910317,0.0,0.0,0.6666666666666666,0.4714045207910317,0.0,0.0,1.0,0.0,0.6666666666666666,0.4714045207910317,64.33333333333333,90.98107251266912,0.9588938714499253
TAO_TRAIN_GT_CONTROLLED_HELDOUT,FULL,A2_EVIDENCE,1.0,8,3,4,0.5072463768115942,0.3586827749170053,0.20833333333333334,0.29462782549439476,0.0,0.0,0.4857997010463378,0.3118088129704859,0.0,0.0,0.3333333333333333,0.4714045207910317,0.0,0.0,0.6666666666666666,0.4714045207910317,0.0,0.0,1.0,0.0,0.6666666666666666,0.4714045207910317,67.66666666666667,95.69511772057942,0.9742152466367714
TAO_TRAIN_GT_CONTROLLED_HELDOUT,FULL,A2_EVIDENCE,1.0,16,3,4,0.5120772946859904,0.3622866330290372,0.20833333333333334,0.29462782549439476,0.0,0.0,0.49028400597907323,0.3151657926802619,0.0,0.0,0.3002645502645503,0.4246381992839849,0.0,0.0,0.6666666666666666,0.4714045207910317,0.03306878306878307,0.04676632150704679,0.9669312169312169,0.046766321507046786,0.6666666666666666,0.4714045207910317,54.416666666666664,76.95678801913593,0.9151718983557547
