scope,representation,backend,prefix,seeds,orders,old_acc_mean,old_acc_seed_std_ddof0,new_acc_mean,new_acc_seed_std_ddof0,h_score_mean,h_score_seed_std_ddof0,all_acc_mean,all_acc_seed_std_ddof0,correct_commit_ct_mean,correct_commit_ct_seed_std_ddof0,false_merge_rate_mean,false_merge_rate_seed_std_ddof0,false_split_new_rate_mean,false_split_new_rate_seed_std_ddof0,wrong_known_assignment_rate_mean,wrong_known_assignment_rate_seed_std_ddof0,wait_unresolved_rate_mean,wait_unresolved_rate_seed_std_ddof0,effective_commit_coverage_mean,effective_commit_coverage_seed_std_ddof0,all_novel_wrong_known_rate_mean,all_novel_wrong_known_rate_seed_std_ddof0,cross_video_rank1_macro_mean,known_vs_pseudo_novel_auroc_mean,effective_spectral_rank_mean,cross_video_recall_at_5_macro_mean,cross_video_recall_at_10_macro_mean
TAO_TRAIN_GT_CONTROLLED_HELDOUT,A0_RAW,B0_frame_snapshot_vote,1,1,4,0.09903381642512077,0.0,0.625,0.0,0.17033336204668792,0.0,0.1367713004484305,0.0,0.5634920634920635,0.0,0.0,0.0,0.40079365079365076,0.0,0.03571428571428571,0.0,0.0,0.0,1.0,0.0,0.0625,0.0,0.2383493318275927,0.8001207729468599,82.6150351900666,0.5572981366459627,0.6119047619047618
TAO_TRAIN_GT_CONTROLLED_HELDOUT,A0_RAW,B0_frame_snapshot_vote,2,1,4,0.10144927536231885,0.0,0.625,0.0,0.17406051746486756,0.0,0.13901345291479822,0.0,0.5634920634920635,0.0,0.09126984126984126,0.0,0.30952380952380953,0.0,0.03571428571428571,0.0,0.0,0.0,1.0,0.0,0.046875,0.0,0.29623564840956146,0.8055555555555556,68.64582761554468,0.5790372670807454,0.6828157349896481
TAO_TRAIN_GT_CONTROLLED_HELDOUT,A0_RAW,B0_frame_snapshot_vote,4,1,4,0.0929951690821256,0.0,0.625,0.0,0.16077782527683152,0.0,0.1311659192825112,0.0,0.5634920634920635,0.0,0.027777777777777776,0.0,0.373015873015873,0.0,0.03571428571428571,0.0,0.0,0.0,1.0,0.0,0.046875,0.0,0.34551571616789006,0.8131038647342995,59.55057002906254,0.6163043478260869,0.7130952380952381
TAO_TRAIN_GT_CONTROLLED_HELDOUT,A0_RAW,B0_frame_snapshot_vote,8,1,4,0.0966183574879227,0.0,0.75,0.0,0.17103144519455257,0.0,0.14349775784753363,0.0,0.5634920634920635,0.0,0.09126984126984126,0.0,0.30952380952380953,0.0,0.03571428571428571,0.0,0.0,0.0,1.0,0.0,0.046875,0.0,0.4758563899868248,0.8088768115942029,56.23047977788415,0.6595238095238096,0.7904761904761904
TAO_TRAIN_GT_CONTROLLED_HELDOUT,A0_RAW,B0_frame_snapshot_vote,16,1,4,0.09178743961352658,0.0,0.765625,0.0,0.16375101970616188,0.0,0.14013452914798205,0.0,0.5912698412698413,0.0,0.11904761904761904,0.0,0.28968253968253965,0.0,0.0,0.0,0.0,0.0,1.0,0.0,0.0,0.0,0.4933512140033879,0.8076690821256038,54.176195049672785,0.6649585921325052,0.7607142857142858
TAO_TRAIN_GT_CONTROLLED_HELDOUT,A0_RAW,B1_track_nearest,1,1,4,0.0,0.0,0.40625,0.0,0.0,0.0,0.029147982062780266,0.0,0.2698412698412698,0.0,0.0,0.0,0.7301587301587301,0.0,0.0,0.0,0.0,0.0,1.0,0.0,0.0,0.0,0.2383493318275927,0.8001207729468599,82.6150351900666,0.5572981366459627,0.6119047619047618
TAO_TRAIN_GT_CONTROLLED_HELDOUT,A0_RAW,B1_track_nearest,2,1,4,0.0,0.0,0.46875,0.0,0.0,0.0,0.033632286995515695,0.0,0.2698412698412698,0.0,0.0,0.0,0.7301587301587301,0.0,0.0,0.0,0.0,0.0,1.0,0.0,0.0,0.0,0.29623564840956146,0.8055555555555556,68.64582761554468,0.5790372670807454,0.6828157349896481
TAO_TRAIN_GT_CONTROLLED_HELDOUT,A0_RAW,B1_track_nearest,4,1,4,0.0,0.0,0.46875,0.0,0.0,0.0,0.033632286995515695,0.0,0.2698412698412698,0.0,0.0,0.0,0.7301587301587301,0.0,0.0,0.0,0.0,0.0,1.0,0.0,0.0,0.0,0.34551571616789006,0.8131038647342995,59.55057002906254,0.6163043478260869,0.7130952380952381
TAO_TRAIN_GT_CONTROLLED_HELDOUT,A0_RAW,B1_track_nearest,8,1,4,0.006038647342995168,0.0,0.5,0.0,0.011916369985713961,0.0,0.041479820627802685,0.0,0.32539682539682535,0.0,0.0,0.0,0.6746031746031746,0.0,0.0,0.0,0.0,0.0,1.0,0.0,0.0,0.0,0.4758563899868248,0.8088768115942029,56.23047977788415,0.6595238095238096,0.7904761904761904
TAO_TRAIN_GT_CONTROLLED_HELDOUT,A0_RAW,B1_track_nearest,16,1,4,0.00966183574879227,0.0,0.53125,0.0,0.01897735372456827,0.0,0.04708520179372197,0.0,0.39682539682539686,0.0,0.0,0.0,0.5476190476190476,0.0,0.0,0.0,0.0,0.0,1.0,0.0,0.0,0.0,0.4933512140033879,0.8076690821256038,54.176195049672785,0.6649585921325052,0.7607142857142858
TAO_TRAIN_GT_CONTROLLED_HELDOUT,A0_RAW,B2_track_dpmeans,1,1,4,0.014492753623188406,0.0,0.3125,0.0,0.027700831024930747,0.0,0.03587443946188341,0.0,0.0,0.0,0.0,0.0,0.9285714285714286,0.0,0.0,0.0,0.0,0.0,1.0,0.0,0.0,0.0,0.2383493318275927,0.8001207729468599,82.6150351900666,0.5572981366459627,0.6119047619047618
TAO_TRAIN_GT_CONTROLLED_HELDOUT,A0_RAW,B2_track_dpmeans,2,1,4,0.028985507246376812,0.0,0.3125,0.0,0.05305039787798409,0.0,0.04932735426008968,0.0,0.0,0.0,0.0,0.0,0.9285714285714286,0.0,0.0,0.0,0.0,0.0,1.0,0.0,0.0,0.0,0.29623564840956146,0.8055555555555556,68.64582761554468,0.5790372670807454,0.6828157349896481
TAO_TRAIN_GT_CONTROLLED_HELDOUT,A0_RAW,B2_track_dpmeans,4,1,4,0.049516908212560384,0.0,0.3125,0.0,0.08547001164361553,0.0,0.06838565022421525,0.0,0.0,0.0,0.0,0.0,0.8928571428571429,0.0,0.03571428571428571,0.0,0.0,0.0,1.0,0.0,0.0625,0.0,0.34551571616789006,0.8131038647342995,59.55057002906254,0.6163043478260869,0.7130952380952381
TAO_TRAIN_GT_CONTROLLED_HELDOUT,A0_RAW,B2_track_dpmeans,8,1,4,0.04830917874396135,0.0,0.3125,0.0,0.08368200836820083,0.0,0.06726457399103139,0.0,0.0,0.0,0.0,0.0,0.9285714285714286,0.0,0.0,0.0,0.0,0.0,1.0,0.0,0.0,0.0,0.4758563899868248,0.8088768115942029,56.23047977788415,0.6595238095238096,0.7904761904761904
TAO_TRAIN_GT_CONTROLLED_HELDOUT,A0_RAW,B2_track_dpmeans,16,1,4,0.06763285024154589,0.0,0.3125,0.0,0.11119936457505956,0.0,0.08520179372197309,0.0,0.0,0.0,0.0,0.0,0.873015873015873,0.0,0.0,0.0,0.0,0.0,1.0,0.0,0.0,0.0,0.4933512140033879,0.8076690821256038,54.176195049672785,0.6649585921325052,0.7607142857142858
TAO_TRAIN_GT_CONTROLLED_HELDOUT,A1_ADAPTER,B1_track_nearest,1,3,4,0.5221417069243156,0.061029852263707586,0.5,0.01275775907699572,0.5085372694240946,0.03607763895043472,0.5205530642750374,0.05731271915899596,0.21296296296296294,0.054826406814980695,0.42063492063492064,0.17660587857816767,0.30952380952380953,0.16801545438361498,0.05687830687830688,0.04399018293205262,0.0,0.0,1.0,0.0,0.06770833333333333,0.05752792196451699,0.29813194052324493,0.8071658615136874,11.68367863072021,0.5090360122968818,0.5569452286843591
TAO_TRAIN_GT_CONTROLLED_HELDOUT,A1_ADAPTER,B1_track_nearest,2,3,4,0.5841384863123994,0.065931656541004,0.5260416666666666,0.01948779888944761,0.5518801848142527,0.039788009703408,0.5799701046337817,0.06236740533738817,0.17460317460317457,0.03607984575922184,0.3928571428571428,0.10122289137412165,0.2671957671957672,0.10926918745007083,0.11772486772486772,0.05808068359814854,0.0,0.0,1.0,0.0,0.13020833333333334,0.07026425814183355,0.35198569546395636,0.8478260869565218,10.299790710779368,0.6121274860405294,0.6779252148817366
TAO_TRAIN_GT_CONTROLLED_HELDOUT,A1_ADAPTER,B1_track_nearest,4,3,4,0.6127214170692432,0.06281999409954606,0.484375,0.05846339666834283,0.5389449385940703,0.06128655074596684,0.6035127055306427,0.062380838386042574,0.24603174603174602,0.06695264939070773,0.29365079365079366,0.07295546155099301,0.33068783068783064,0.173042973137704,0.08730158730158731,0.06472026361230195,0.0,0.0,1.0,0.0,0.08854166666666667,0.06293253111247173,0.5061186398142918,0.8797302737520131,9.2119753308666,0.7351966873706005,0.7577639751552795
TAO_TRAIN_GT_CONTROLLED_HELDOUT,A1_ADAPTER,B1_track_nearest,8,3,4,0.6235909822866345,0.07784834251417995,0.4322916666666667,0.02655739329996242,0.505516240964933,0.010351208238974051,0.6098654708520179,0.07035739632742781,0.2857142857142857,0.043830797687251045,0.3148148148148148,0.10560493997995804,0.18783068783068782,0.08629368481640261,0.1693121693121693,0.12185117410504263,0.0,0.0,1.0,0.0,0.17708333333333334,0.12586506222494345,0.5930437919568353,0.8674516908212561,8.832196053442638,0.7544513457556935,0.7921670117322291
TAO_TRAIN_GT_CONTROLLED_HELDOUT,A1_ADAPTER,B1_track_nearest,16,3,4,0.6344605475040258,0.08122872331814228,0.4583333333333333,0.04101045767714485,0.5275894312011922,0.04950637157460706,0.6218236173393124,0.07721784148051766,0.1693121693121693,0.03741305720563743,0.4021164021164021,0.15308525141988685,0.10317460317460318,0.072955461550993,0.283068783068783,0.12985888377010454,0.0,0.0,1.0,0.0,0.28125,0.11692679333668567,0.644631093544137,0.8524557165861513,8.586014208499067,0.7553140096618356,0.8042443064182194
TAO_TRAIN_GT_CONTROLLED_HELDOUT,A1_GEOMETRY_1,B1_track_nearest,1,3,4,0.46215780998389694,0.021634506992825143,0.4635416666666667,0.06293253111247173,0.45803167338034734,0.0346037242710529,0.46225710014947685,0.019724429327947168,0.14814814814814814,0.08611100951724758,0.5026455026455027,0.3557930596908139,0.3134920634920635,0.24647936751221486,0.03571428571428571,0.029160592175990215,0.0,0.0,1.0,0.0,0.036458333333333336,0.02655739329996242,0.27855888073279383,0.8099838969404187,10.962409584242307,0.49135140222096735,0.5520594140159358
TAO_TRAIN_GT_CONTROLLED_HELDOUT,A1_GEOMETRY_1,B1_track_nearest,2,3,4,0.5056360708534622,0.02311223847730648,0.453125,0.05560978256266308,0.47487627045523445,0.028819566979929954,0.5018684603886397,0.019553774965547232,0.12698412698412698,0.058321184351980436,0.533068783068783,0.33799855371259413,0.30687830687830686,0.2797798848463103,0.023809523809523808,0.016835875742536845,0.0,0.0,1.0,0.0,0.03125,0.02551551815399144,0.3753732981993852,0.8588969404186795,9.461188902778757,0.6123000188217579,0.6844469540121714
TAO_TRAIN_GT_CONTROLLED_HELDOUT,A1_GEOMETRY_1,B1_track_nearest,4,3,4,0.5583735909822866,0.04888279947394702,0.515625,0.08365822085525526,0.5283827231390905,0.04238255486977123,0.5553064275037369,0.04280038781568598,0.037037037037037035,0.026189140043946204,0.5066137566137566,0.31343903732996786,0.373015873015873,0.25815009471889827,0.011904761904761904,0.016835875742536845,0.0,0.0,1.0,0.0,0.010416666666666666,0.01473139127471974,0.4917435221783049,0.8875805152979067,8.397525816388674,0.734679089026915,0.7722739820565908
TAO_TRAIN_GT_CONTROLLED_HELDOUT,A1_GEOMETRY_1,B1_track_nearest,8,3,4,0.573268921095008,0.05011066709647414,0.4322916666666667,0.06546773484362778,0.48598485621439247,0.034533067641506,0.5631539611360238,0.043131901581547186,0.10185185185185185,0.030105308668627095,0.5,0.30948989096477686,0.25793650793650796,0.21095291841273037,0.08465608465608465,0.05986089152901989,0.0,0.0,1.0,0.0,0.08333333333333333,0.05892556509887896,0.5661600476817867,0.8635265700483091,8.042462437608544,0.7608005521048998,0.8120082815734989
TAO_TRAIN_GT_CONTROLLED_HELDOUT,A1_GEOMETRY_1,B1_track_nearest,16,3,4,0.6014492753623188,0.0528188945768858,0.5,0.04419417382415922,0.5365008094586993,0.008250539904365141,0.594170403587444,0.04595956811413751,0.13888888888888887,0.08177556357710969,0.4854497354497354,0.30030242401515267,0.2486772486772487,0.17575179352066359,0.09920634920634919,0.07106019057440895,0.0,0.0,1.0,0.0,0.10416666666666667,0.07795119555779044,0.611398142919882,0.8515499194847022,7.7550858245713785,0.7735679779158039,0.8159765355417529
TAO_TRAIN_GT_CONTROLLED_HELDOUT,A1_GEOMETRY_5,B1_track_nearest,1,3,4,0.37560386473429946,0.021491703405860145,0.3854166666666667,0.0820209153542897,0.37454269065012374,0.03280748928767107,0.37630792227204785,0.017519743153559114,0.042328042328042326,0.05986089152901989,0.2632275132275132,0.3722599191960925,0.6468253968253969,0.31298096438632683,0.0,0.0,0.0,0.0,1.0,0.0,0.0,0.0,0.2554504674069892,0.8447061191626407,13.166742538722959,0.44982589873894224,0.5060794278185582
TAO_TRAIN_GT_CONTROLLED_HELDOUT,A1_GEOMETRY_5,B1_track_nearest,2,3,4,0.44041867954911434,0.024757635847861163,0.3802083333333333,0.05752792196451698,0.40565081080628906,0.03713847341273142,0.43609865470852016,0.024765383446608186,0.08465608465608465,0.08357443914778474,0.26587301587301587,0.33211859791427045,0.6071428571428571,0.2859530160779005,0.0,0.0,0.0,0.0,1.0,0.0,0.0,0.0,0.3549940397766485,0.8901972624798712,11.23420753182688,0.5971798732668299,0.6882191480017569
TAO_TRAIN_GT_CONTROLLED_HELDOUT,A1_GEOMETRY_5,B1_track_nearest,4,3,4,0.49074074074074076,0.04808051087547057,0.4427083333333333,0.07475364632503814,0.4569058248798738,0.017708340725167658,0.4872944693572496,0.03965012064185663,0.0462962962962963,0.034644975803462416,0.2605820105820106,0.2787272761819989,0.5462962962962963,0.2712446647408714,0.0,0.0,0.0,0.0,1.0,0.0,0.0,0.0,0.47620772946859896,0.9039855072463766,9.891885451624892,0.7464113181504487,0.7858178053830228
TAO_TRAIN_GT_CONTROLLED_HELDOUT,A1_GEOMETRY_5,B1_track_nearest,8,3,4,0.53743961352657,0.03451374436288694,0.4322916666666667,0.04480377743251368,0.4737318851040036,0.016112052051676845,0.5298953662182361,0.02883489046914859,0.12698412698412698,0.012960263189328984,0.29365079365079366,0.3254935976890457,0.4854497354497355,0.2787272761819989,0.0,0.0,0.0,0.0,1.0,0.0,0.0,0.0,0.600462701549658,0.8736916264090179,9.400573875242188,0.7348343685300206,0.7618357487922706
TAO_TRAIN_GT_CONTROLLED_HELDOUT,A1_GEOMETRY_5,B1_track_nearest,16,3,4,0.5430756843800323,0.052517333611474724,0.46875,0.05103103630798288,0.49774269784452957,0.03210800305949321,0.5377428998505231,0.04791717576386338,0.164021164021164,0.08205324031360223,0.291005291005291,0.34158244162996315,0.40343915343915343,0.16617252690491524,0.09920634920634919,0.07106019057440895,0.0,0.0,1.0,0.0,0.09375,0.06750771560841522,0.6105762594893028,0.8534621578099838,9.044554589584456,0.7732229123533472,0.8253278122843338
TAO_TRAIN_GT_CONTROLLED_HELDOUT,A1_SELECTED,B1_track_nearest,1,3,4,0.5221417069243156,0.061029852263707586,0.5,0.01275775907699572,0.5085372694240946,0.03607763895043472,0.5205530642750374,0.05731271915899596,0.21296296296296294,0.054826406814980695,0.42063492063492064,0.17660587857816767,0.30952380952380953,0.16801545438361498,0.05687830687830688,0.04399018293205262,0.0,0.0,1.0,0.0,0.06770833333333333,0.05752792196451699,0.29813194052324493,0.8071658615136874,11.68367863072021,0.5090360122968818,0.5569452286843591
TAO_TRAIN_GT_CONTROLLED_HELDOUT,A1_SELECTED,B1_track_nearest,2,3,4,0.5841384863123994,0.065931656541004,0.5260416666666666,0.01948779888944761,0.5518801848142527,0.039788009703408,0.5799701046337817,0.06236740533738817,0.17460317460317457,0.03607984575922184,0.3928571428571428,0.10122289137412165,0.2671957671957672,0.10926918745007083,0.11772486772486772,0.05808068359814854,0.0,0.0,1.0,0.0,0.13020833333333334,0.07026425814183355,0.35198569546395636,0.8478260869565218,10.299790710779368,0.6121274860405294,0.6779252148817366
TAO_TRAIN_GT_CONTROLLED_HELDOUT,A1_SELECTED,B1_track_nearest,4,3,4,0.6127214170692432,0.06281999409954606,0.484375,0.05846339666834283,0.5389449385940703,0.06128655074596684,0.6035127055306427,0.062380838386042574,0.24603174603174602,0.06695264939070773,0.29365079365079366,0.07295546155099301,0.33068783068783064,0.173042973137704,0.08730158730158731,0.06472026361230195,0.0,0.0,1.0,0.0,0.08854166666666667,0.06293253111247173,0.5061186398142918,0.8797302737520131,9.2119753308666,0.7351966873706005,0.7577639751552795
TAO_TRAIN_GT_CONTROLLED_HELDOUT,A1_SELECTED,B1_track_nearest,8,3,4,0.6235909822866345,0.07784834251417995,0.4322916666666667,0.02655739329996242,0.505516240964933,0.010351208238974051,0.6098654708520179,0.07035739632742781,0.2857142857142857,0.043830797687251045,0.3148148148148148,0.10560493997995804,0.18783068783068782,0.08629368481640261,0.1693121693121693,0.12185117410504263,0.0,0.0,1.0,0.0,0.17708333333333334,0.12586506222494345,0.5930437919568353,0.8674516908212561,8.832196053442638,0.7544513457556935,0.7921670117322291
TAO_TRAIN_GT_CONTROLLED_HELDOUT,A1_SELECTED,B1_track_nearest,16,3,4,0.6344605475040258,0.08122872331814228,0.4583333333333333,0.04101045767714485,0.5275894312011922,0.04950637157460706,0.6218236173393124,0.07721784148051766,0.1693121693121693,0.03741305720563743,0.4021164021164021,0.15308525141988685,0.10317460317460318,0.072955461550993,0.283068783068783,0.12985888377010454,0.0,0.0,1.0,0.0,0.28125,0.11692679333668567,0.644631093544137,0.8524557165861513,8.586014208499067,0.7553140096618356,0.8042443064182194
TAO_TRAIN_GT_CONTROLLED_HELDOUT,A2_EVIDENCE,B1_track_nearest,1,3,4,0.42471819645732695,0.02336331421666166,0.5,0.02209708691207961,0.45807434867258295,0.019794058592678396,0.4301195814648729,0.022576692775774607,0.1626984126984127,0.06181651558490963,0.6534391534391534,0.06690036304974493,0.18386243386243384,0.035542404345355556,0.0,0.0,0.0,0.0,1.0,0.0,0.0,0.0,0.2985083756822888,0.8087761674718195,11.585191390710984,0.48902220967438353,0.5560511951816299
TAO_TRAIN_GT_CONTROLLED_HELDOUT,A2_EVIDENCE,B1_track_nearest,2,3,4,0.4605475040257649,0.037657582395067876,0.515625,0.02209708691207961,0.4834794986972734,0.01423755871062218,0.4644992526158445,0.03377316450730943,0.13756613756613756,0.14696237473366297,0.7420634920634921,0.10973256694156687,0.12037037037037035,0.050852864515188057,0.0,0.0,0.0,0.0,1.0,0.0,0.010416666666666666,0.01473139127471974,0.3556402534663405,0.8471215780998391,10.230713326207162,0.6123000188217579,0.6842226613965744
TAO_TRAIN_GT_CONTROLLED_HELDOUT,A2_EVIDENCE,B1_track_nearest,4,3,4,0.49959742351046704,0.025378289070007234,0.5260416666666666,0.03210632293213009,0.5092721067504883,0.01995083986384878,0.5014947683109118,0.023539634899885874,0.17857142857142858,0.21445711350182833,0.5806878306878307,0.23329223743966854,0.20767195767195767,0.06351961483356067,0.0,0.0,0.0,0.0,1.0,0.0,0.0,0.0,0.4788615973398583,0.8775161030595812,9.140560199704717,0.7189989961729091,0.7498274672187716
TAO_TRAIN_GT_CONTROLLED_HELDOUT,A2_EVIDENCE,B1_track_nearest,8,3,4,0.5249597423510467,0.038221452339510194,0.515625,0.01275775907699572,0.5193050573832094,0.02477230489149448,0.5242899850523169,0.03635392079825204,0.16137566137566137,0.19029238633179307,0.6243386243386243,0.17497355297325046,0.21428571428571427,0.07295546155099301,0.0,0.0,0.0,0.0,1.0,0.0,0.0,0.0,0.5784334023464456,0.8674516908212561,8.764401055864846,0.7394441307484786,0.7626293995859212
TAO_TRAIN_GT_CONTROLLED_HELDOUT,A2_EVIDENCE,B1_track_nearest,16,3,4,0.5318035426731078,0.035722851129595834,0.5052083333333334,0.02946278254943948,0.5135548037248275,0.00670590365435124,0.5298953662182363,0.03123404139606407,0.07936507936507936,0.07639962475234735,0.6137566137566137,0.179592417306426,0.19973544973544974,0.1334865165242631,0.059523809523809514,0.04454354031873739,0.0,0.0,1.0,0.0,0.0625,0.05103103630798288,0.6327263316393752,0.852757648953301,8.526079469842513,0.7545925089403349,0.7842305037957211
TAO_TRAIN_GT_CONTROLLED_HELDOUT,A2_CAPACITY_CONTROL,B1_track_nearest,1,3,4,0.45088566827697263,0.06379535519980771,0.5104166666666666,0.01948779888944761,0.4764337020645056,0.04222612818116306,0.4551569506726458,0.06030931684445185,0.13756613756613756,0.08262697188752072,0.6693121693121693,0.03755309409147723,0.1574074074074074,0.0651513775451045,0.03571428571428571,0.050507627227610534,0.0,0.0,1.0,0.0,0.046875,0.06629126073623882,0.2943362193362194,0.8037439613526569,11.706953085202551,0.5090360122968818,0.5569452286843591
TAO_TRAIN_GT_CONTROLLED_HELDOUT,A2_CAPACITY_CONTROL,B1_track_nearest,2,3,4,0.5197262479871175,0.06704318902865722,0.5052083333333334,0.02946278254943948,0.5108857151717646,0.047252826773459294,0.5186846038863976,0.06422069869103901,0.05423280423280422,0.05346926701430618,0.746031746031746,0.14879629570835454,0.1335978835978836,0.044700384255861904,0.06613756613756612,0.06981821809733675,0.0,0.0,1.0,0.0,0.08854166666666667,0.09403890669410306,0.3597496706192358,0.8482286634460547,10.31308079036038,0.5903020892151326,0.6773762469414643
TAO_TRAIN_GT_CONTROLLED_HELDOUT,A2_CAPACITY_CONTROL,B1_track_nearest,4,3,4,0.5410628019323672,0.08369138231434983,0.53125,0.01275775907699572,0.5303378500633792,0.03458727131453941,0.5403587443946188,0.07678076440276727,0.11904761904761903,0.13105255107408292,0.6335978835978836,0.18335261051373378,0.18783068783068782,0.049492822576374884,0.03571428571428571,0.050507627227610534,0.0,0.0,1.0,0.0,0.041666666666666664,0.05892556509887896,0.49421387790953014,0.8789251207729469,9.21813486105461,0.7328157349896481,0.7498274672187716
TAO_TRAIN_GT_CONTROLLED_HELDOUT,A2_CAPACITY_CONTROL,B1_track_nearest,8,3,4,0.567230273752013,0.09991036873479911,0.5052083333333334,0.04480377743251368,0.5235049160382357,0.025244694139846622,0.562780269058296,0.0904720791273426,0.13359788359788358,0.13050401570815437,0.6124338624338624,0.23369688171707692,0.17857142857142858,0.07009334020895115,0.07539682539682539,0.10662721303606668,0.0,0.0,1.0,0.0,0.09895833333333333,0.13994821710983754,0.5851072840203274,0.865036231884058,8.837223557280856,0.7423740510697033,0.7818495514147689
TAO_TRAIN_GT_CONTROLLED_HELDOUT,A2_CAPACITY_CONTROL,B1_track_nearest,16,3,4,0.5805152979066022,0.10344414211839038,0.5260416666666666,0.03897559777889522,0.5413250138002238,0.04118501349518,0.5766068759342303,0.09506626570627155,0.08994708994708994,0.03797010606986064,0.5846560846560845,0.15129176061833563,0.12698412698412698,0.16034234182736154,0.17460317460317457,0.17666531182184178,0.0,0.0,1.0,0.0,0.17708333333333334,0.17876044064302618,0.6448036263253654,0.8530595813204509,8.587575588373854,0.7553140096618356,0.7963077984817115
