scope,frontend,order,prefix,fixed_gt_reuse_opportunities,reliable_current,both_sides_at_least_p,fraction,supported_categories
M1_PHYSICAL_SUPPORT_NOT_COMMIT_CT,MASA_NATIVE,main,1,527,118,87,0.1650853889943074,25
M1_PHYSICAL_SUPPORT_NOT_COMMIT_CT,MASA_NATIVE,main,2,527,118,87,0.1650853889943074,25
M1_PHYSICAL_SUPPORT_NOT_COMMIT_CT,MASA_NATIVE,main,4,527,118,85,0.16129032258064516,25
M1_PHYSICAL_SUPPORT_NOT_COMMIT_CT,MASA_NATIVE,main,8,527,118,82,0.1555977229601518,24
M1_PHYSICAL_SUPPORT_NOT_COMMIT_CT,MASA_NATIVE,main,16,527,118,69,0.13092979127134724,23
M1_PHYSICAL_SUPPORT_NOT_COMMIT_CT,MASA_NATIVE,seed1027,1,529,123,93,0.17580340264650285,25
M1_PHYSICAL_SUPPORT_NOT_COMMIT_CT,MASA_NATIVE,seed1027,2,529,123,93,0.17580340264650285,25
M1_PHYSICAL_SUPPORT_NOT_COMMIT_CT,MASA_NATIVE,seed1027,4,529,123,90,0.17013232514177692,25
M1_PHYSICAL_SUPPORT_NOT_COMMIT_CT,MASA_NATIVE,seed1027,8,529,123,84,0.15879017013232513,24
M1_PHYSICAL_SUPPORT_NOT_COMMIT_CT,MASA_NATIVE,seed1027,16,529,123,68,0.1285444234404537,23
M1_PHYSICAL_SUPPORT_NOT_COMMIT_CT,MASA_NATIVE,seed1028,1,547,121,92,0.16819012797074953,25
M1_PHYSICAL_SUPPORT_NOT_COMMIT_CT,MASA_NATIVE,seed1028,2,547,121,92,0.16819012797074953,25
M1_PHYSICAL_SUPPORT_NOT_COMMIT_CT,MASA_NATIVE,seed1028,4,547,121,89,0.16270566727605118,25
M1_PHYSICAL_SUPPORT_NOT_COMMIT_CT,MASA_NATIVE,seed1028,8,547,121,85,0.15539305301645337,24
M1_PHYSICAL_SUPPORT_NOT_COMMIT_CT,MASA_NATIVE,seed1028,16,547,121,70,0.12797074954296161,23
M1_PHYSICAL_SUPPORT_NOT_COMMIT_CT,MASA_NATIVE,seed1029,1,531,126,94,0.17702448210922786,25
M1_PHYSICAL_SUPPORT_NOT_COMMIT_CT,MASA_NATIVE,seed1029,2,531,126,94,0.17702448210922786,25
M1_PHYSICAL_SUPPORT_NOT_COMMIT_CT,MASA_NATIVE,seed1029,4,531,126,91,0.1713747645951036,25
M1_PHYSICAL_SUPPORT_NOT_COMMIT_CT,MASA_NATIVE,seed1029,8,531,126,87,0.1638418079096045,24
M1_PHYSICAL_SUPPORT_NOT_COMMIT_CT,MASA_NATIVE,seed1029,16,531,126,74,0.1393596986817326,23
M1_PHYSICAL_SUPPORT_NOT_COMMIT_CT,PANDAS_BT_FG0,main,1,527,16,6,0.011385199240986717,4
M1_PHYSICAL_SUPPORT_NOT_COMMIT_CT,PANDAS_BT_FG0,main,2,527,16,6,0.011385199240986717,4
M1_PHYSICAL_SUPPORT_NOT_COMMIT_CT,PANDAS_BT_FG0,main,4,527,16,6,0.011385199240986717,4
M1_PHYSICAL_SUPPORT_NOT_COMMIT_CT,PANDAS_BT_FG0,main,8,527,16,6,0.011385199240986717,4
M1_PHYSICAL_SUPPORT_NOT_COMMIT_CT,PANDAS_BT_FG0,main,16,527,16,6,0.011385199240986717,4
M1_PHYSICAL_SUPPORT_NOT_COMMIT_CT,PANDAS_BT_FG0,seed1027,1,529,18,6,0.011342155009451797,4
M1_PHYSICAL_SUPPORT_NOT_COMMIT_CT,PANDAS_BT_FG0,seed1027,2,529,18,6,0.011342155009451797,4
M1_PHYSICAL_SUPPORT_NOT_COMMIT_CT,PANDAS_BT_FG0,seed1027,4,529,18,6,0.011342155009451797,4
M1_PHYSICAL_SUPPORT_NOT_COMMIT_CT,PANDAS_BT_FG0,seed1027,8,529,18,6,0.011342155009451797,4
M1_PHYSICAL_SUPPORT_NOT_COMMIT_CT,PANDAS_BT_FG0,seed1027,16,529,18,6,0.011342155009451797,4
M1_PHYSICAL_SUPPORT_NOT_COMMIT_CT,PANDAS_BT_FG0,seed1028,1,547,16,6,0.010968921389396709,4
M1_PHYSICAL_SUPPORT_NOT_COMMIT_CT,PANDAS_BT_FG0,seed1028,2,547,16,6,0.010968921389396709,4
M1_PHYSICAL_SUPPORT_NOT_COMMIT_CT,PANDAS_BT_FG0,seed1028,4,547,16,6,0.010968921389396709,4
M1_PHYSICAL_SUPPORT_NOT_COMMIT_CT,PANDAS_BT_FG0,seed1028,8,547,16,6,0.010968921389396709,4
M1_PHYSICAL_SUPPORT_NOT_COMMIT_CT,PANDAS_BT_FG0,seed1028,16,547,16,6,0.010968921389396709,4
M1_PHYSICAL_SUPPORT_NOT_COMMIT_CT,PANDAS_BT_FG0,seed1029,1,531,18,7,0.013182674199623353,4
M1_PHYSICAL_SUPPORT_NOT_COMMIT_CT,PANDAS_BT_FG0,seed1029,2,531,18,7,0.013182674199623353,4
M1_PHYSICAL_SUPPORT_NOT_COMMIT_CT,PANDAS_BT_FG0,seed1029,4,531,18,7,0.013182674199623353,4
M1_PHYSICAL_SUPPORT_NOT_COMMIT_CT,PANDAS_BT_FG0,seed1029,8,531,18,7,0.013182674199623353,4
M1_PHYSICAL_SUPPORT_NOT_COMMIT_CT,PANDAS_BT_FG0,seed1029,16,531,18,7,0.013182674199623353,4
